Time_s,Car_Speed_kmph
0.0,0.035168953
0.5,0.251784244
1.0,0.602031641
1.5,0.944780209
2.0,1.29414547
2.5,1.66571986
3.0,2.06557416
3.5,2.49370846
4.0,2.95010845
4.5,3.43475789
5.0,3.94763801
5.5,4.48872781
6.0,5.05800357
6.5,5.65539978
7.0,6.27822021
7.5,6.92766005
8.0,7.60526711
8.5,8.31090416
9.0,9.04452745
9.5,9.8060916
10.0,10.59554845
10.5,11.4128463
11.0,12.257929
11.5,13.1307366
12.0,14.0312056
12.5,14.9592676
13.0,15.9148508
13.5,16.8978776
14.0,17.908268
14.5,18.9459351
15.0,20.0107891
15.5,21.102735
16.0,22.2216715
16.5,23.3674935
17.0,24.5400919
17.5,25.7393496
18.0,26.9651465
18.5,28.2173562
19.0,29.4958727
19.5,30.8031408
20.0,32.1380031
20.5,33.4986019
21.0,34.8799069
21.5,36.2658193
22.0,37.6530497
22.5,39.0414866
23.0,40.4310156
23.5,41.8215251
24.0,43.2129017
24.5,44.6050306
25.0,45.9978012
25.5,47.3910995
26.0,48.7848143
26.5,50.1788313
27.0,51.5730406
27.5,52.9673281
28.0,54.3615841
28.5,55.7556958
29.0,57.1495542
29.5,58.5430469
30.0,59.9360657
30.5,61.3285
31.0,62.7202418
31.5,64.111182
32.0,65.5012128
32.5,66.890227
33.0,68.2781183
33.5,69.6647829
34.0,71.0501094
34.5,72.4340019
35.0,73.81635
35.5,75.1970514
36.0,76.5760068
36.5,77.953115
37.0,79.3282764
37.5,80.701384
38.0,82.0723504
38.5,83.4410724
39.0,84.8074525
39.5,86.1713953
40.0,87.5328095
40.5,88.8916
41.0,90.2476718
41.5,91.600939
42.0,92.9513049
42.5,94.2986865
43.0,95.6429948
43.5,96.9841395
44.0,98.32204
44.5,99.656608
45.0,100.9877605
45.5,102.3152802
46.0,103.5659199
46.5,104.550912
47.0,105.241507
47.5,105.636318
48.0,105.7379348
48.5,105.552445
49.0,105.1571479
49.5,104.7393306
50.0,104.3282045
50.5,103.9237181
51.0,103.5258286
51.5,103.13448
52.0,102.7496297
52.5,102.3712311
53.0,101.9992376
53.5,101.6335985
54.0,101.274277
54.5,100.9213674
55.0,100.6479894
55.5,100.6428364
56.0,100.9343196
56.5,101.5207264
57.0,102.4003236
57.5,103.5712221
58.0,104.9584632
58.5,106.371514
59.0,107.7750419
59.5,109.1563494
60.0,110.5139869
60.5,111.8482611
61.0,113.1597961
61.5,114.449351
62.0,115.7176448
62.5,116.965361
63.0,118.1931473
63.5,119.4016175
64.0,120.5913304
64.5,121.7627243
65.0,122.9159021
65.5,124.0510696
66.0,125.1688155
66.5,126.2697716
67.0,127.3544622
67.5,128.423371
68.0,129.476959
68.5,130.515668
69.0,131.53991
69.5,132.550061
70.0,133.546477
70.5,134.52909
71.0,135.497691
71.5,136.452682
72.0,137.394508
72.5,138.32361
73.0,139.240394
73.5,140.14526
74.0,141.038575
74.5,141.920693
75.0,142.791946
75.5,143.652674
76.0,144.503185
76.5,145.343792
77.0,146.174799
77.5,146.996509
78.0,147.8092
78.5,148.613122
79.0,149.408521
79.5,150.195562
80.0,150.974444
80.5,151.745399
81.0,152.508631
81.5,153.264367
82.0,154.012807
82.5,154.754161
83.0,155.488625
83.5,156.216386
84.0,156.937631
84.5,157.652484
85.0,158.361673
85.5,159.066499
86.0,159.767025
86.5,160.462114
87.0,161.15184
87.5,161.835046
88.0,162.513934
88.5,163.19149
89.0,163.865749
89.5,164.535896
90.0,165.201994
90.5,165.863921
91.0,166.521929
91.5,167.176012
92.0,167.826041
92.5,168.472178
93.0,169.11457
93.5,169.753196
94.0,170.38807
94.5,171.019285
95.0,171.646703
95.5,172.270716
96.0,172.891122
96.5,173.507877
97.0,174.121161
97.5,174.730888
98.0,175.337132
98.5,175.939888
99.0,176.539349
99.5,177.135526
100.0,177.728417
100.5,178.318139
101.0,178.903527
101.5,179.481983
102.0,180.053167
102.5,180.617136
103.0,181.17391
103.5,181.723666
104.0,182.26636
104.5,182.802076
105.0,183.331043
105.5,183.853206
106.0,184.368566
106.5,184.877435
107.0,185.379711
107.5,185.875558
108.0,186.365121
108.5,186.848315
109.0,187.325098
109.5,187.795788
110.0,188.260345
110.5,188.719011
111.0,189.171625
111.5,189.618426
112.0,190.059403
112.5,190.494678
113.0,190.924127
113.5,191.348008
114.0,191.766326
114.5,192.179277
115.0,192.586687
115.5,192.98875
116.0,193.385485
116.5,193.777127
117.0,194.163424
117.5,194.544651
118.0,194.920818
118.5,195.291973
119.0,195.658235
119.5,196.019488
120.0,196.376014
120.5,196.727795
121.0,197.074747
121.5,197.417126
122.0,197.754835
122.5,198.088032
123.0,198.41672
123.5,198.740995
124.0,199.060933
124.5,199.376436
125.0,199.687748
125.5,199.994806
126.0,200.297773
126.5,200.596617
127.0,200.89142
127.5,201.182184
128.0,201.468951
128.5,201.751808
129.0,202.030873
129.5,202.306075
130.0,202.577519
130.5,202.84519
131.0,203.109259
131.5,203.369795
132.0,203.626734
132.5,203.88007
133.0,204.130005
133.5,204.376408
134.0,204.619465
134.5,204.859172
135.0,205.095465
135.5,205.328537
136.0,205.55848
136.5,205.785135
137.0,206.008621
137.5,206.229062
138.0,206.446511
138.5,206.660933
139.0,206.872304
139.5,207.080798
140.0,207.286324
140.5,207.488967
141.0,207.688894
141.5,207.885937
142.0,208.080312
142.5,208.271972
143.0,208.460874
143.5,208.647248
144.0,208.830823
144.5,209.011961
145.0,209.190384
145.5,209.366285
146.0,209.539839
146.5,209.710915
147.0,209.879535
147.5,210.045934
148.0,210.209789
148.5,210.371394
149.0,210.530781
149.5,210.687832
150.0,210.842705
150.5,210.995417
151.0,211.14583
151.5,211.294185
152.0,211.440329
152.5,211.584445
153.0,211.72661
153.5,211.866647
154.0,212.004706
154.5,212.1408
155.0,212.275021
155.5,212.407171
156.0,212.537448
156.5,212.665749
157.0,212.792244
157.5,212.916923
158.0,213.039743
158.5,213.161039
159.0,213.280339
159.5,213.397939
160.0,213.513921
160.5,213.628248
161.0,213.740835
161.5,213.851895
162.0,213.961338
162.5,214.069061
163.0,214.175125
163.5,214.279823
164.0,214.383004
164.5,214.484638
165.0,214.584893
165.5,214.683652
166.0,214.780858
166.5,214.876635
167.0,214.971117
167.5,215.064348
168.0,215.156114
168.5,215.246477
169.0,215.335451
169.5,215.423298
170.0,215.509774
170.5,215.59489
171.0,215.678714
171.5,215.761217
172.0,215.842488
172.5,215.922656
173.0,216.001586
173.5,216.079395
174.0,216.155913
174.5,216.23134
175.0,216.305655
175.5,216.378714
176.0,216.450714
176.5,216.521591
177.0,216.591424
177.5,216.660084
178.0,216.727696
178.5,216.794405
179.0,216.860117
179.5,216.924848
180.0,216.98859
180.5,217.051374
181.0,217.113142
181.5,217.173882
182.0,217.233585
182.5,217.292616
183.0,217.35076
183.5,217.407817
184.0,217.464027
184.5,217.519511
185.0,217.573891
185.5,217.627728
186.0,217.680304
186.5,217.73239
187.0,217.783695
187.5,217.83406
188.0,217.883715
188.5,217.93266
189.0,217.980677
189.5,218.027962
190.0,218.074587
190.5,218.120319
191.0,218.165397
191.5,218.209694
192.0,218.253331
192.5,218.296331
193.0,218.338614
193.5,218.380237
194.0,218.421144
194.5,218.461442
195.0,218.501091
195.5,218.540106
196.0,218.578332
196.5,218.615977
197.0,218.653152
197.5,218.689538
198.0,218.725346
198.5,218.760549
199.0,218.795289
199.5,218.829419
200.0,218.86297
200.5,218.895958
201.0,218.926927
201.5,218.951921
202.0,218.970173
202.5,218.982017
203.0,218.987552
203.5,218.98678
204.0,218.979924
204.5,218.966776
205.0,218.947626
205.5,218.922585
206.0,218.891685
206.5,218.854986
207.0,218.812448
207.5,218.764486
208.0,218.710962
208.5,218.65185
209.0,218.587325
209.5,218.517458
210.0,218.442487
210.5,218.362213
211.0,218.276983
211.5,218.186674
212.0,218.091419
212.5,217.991276
213.0,217.88638
213.5,217.776736
214.0,217.66228
214.5,217.543168
215.0,217.419688
215.5,217.291667
216.0,217.159179
216.5,217.022434
217.0,216.881359
217.5,216.735958
218.0,216.586405
218.5,216.432637
219.0,216.274938
219.5,216.113034
220.0,215.947346
220.5,215.777754
221.0,215.604217
221.5,215.426991
222.0,215.24595
222.5,215.061251
223.0,214.872864
223.5,214.680758
224.0,214.485158
224.5,214.285875
225.0,214.083366
225.5,213.877398
226.0,213.668104
226.5,213.454992
227.0,213.23893
227.5,213.019576
228.0,212.797139
228.5,212.571639
229.0,212.342992
229.5,212.111072
230.0,211.876446
230.5,211.638891
231.0,211.39811
231.5,211.154368
232.0,210.907809
232.5,210.658185
233.0,210.406239
233.5,210.151543
234.0,209.893857
234.5,209.633615
235.0,209.370452
235.5,209.104911
236.0,208.836578
236.5,208.565522
237.0,208.290469
237.5,208.010184
238.0,207.724602
238.5,207.433675
239.0,207.137484
239.5,206.836165
240.0,206.529789
240.5,206.218423
241.0,205.902126
241.5,205.580956
242.0,205.254971
242.5,204.924227
243.0,204.588781
243.5,204.248686
244.0,203.903984
244.5,203.554745
245.0,203.201019
245.5,202.842849
246.0,202.480302
246.5,202.113425
247.0,201.742271
247.5,201.366901
248.0,200.987297
248.5,200.603385
249.0,200.215338
249.5,199.823214
250.0,199.427056
250.5,199.026917
251.0,198.62284
251.5,198.214873
252.0,197.803076
252.5,197.387468
253.0,196.967685
253.5,196.543821
254.0,196.116156
254.5,195.684752
255.0,195.24964
255.5,194.810872
256.0,194.368465
256.5,193.922429
257.0,193.472486
257.5,193.0188
258.0,192.561556
258.5,192.1008
259.0,191.63657
259.5,191.168894
260.0,190.697802
260.5,190.223266
261.0,189.745243
261.5,189.263841
262.0,188.779112
262.5,188.291089
263.0,187.799788
263.5,187.305238
264.0,186.807382
264.5,186.306275
265.0,185.801984
265.5,185.294537
266.0,184.783956
266.5,184.270231
267.0,183.753347
267.5,183.233375
268.0,182.71035
268.5,182.184293
269.0,181.65519
269.5,181.123063
270.0,180.587955
270.5,180.049894
271.0,179.508883
271.5,178.964923
272.0,178.418046
272.5,177.868294
273.0,177.315659
273.5,176.760165
274.0,176.201847
274.5,175.640718
275.0,175.076829
275.5,174.511671
276.0,173.949659
276.5,173.394094
277.0,172.84552
277.5,172.303047
278.0,171.766001
278.5,171.234333
279.0,170.708172
279.5,170.187564
280.0,169.672424
280.5,169.162657
281.0,168.658236
281.5,168.159135
282.0,167.66532
282.5,167.176342
283.0,166.691578
283.5,166.210858
284.0,165.734149
284.5,165.261408
285.0,164.79252
285.5,164.327393
286.0,163.865978
286.5,163.408235
287.0,162.954124
287.5,162.503598
288.0,162.056629
288.5,161.613166
289.0,161.173175
289.5,160.736541
290.0,160.303106
290.5,159.872834
291.0,159.445723
291.5,159.021751
292.0,158.600903
292.5,158.183175
293.0,157.768544
293.5,157.357007
294.0,156.948381
294.5,156.542163
295.0,156.138333
295.5,155.736998
296.0,155.338194
296.5,154.941885
297.0,154.548131
297.5,154.157069
298.0,153.768798
298.5,153.383504
299.0,153.001552
299.5,152.623019
300.0,152.247865
300.5,151.876036
301.0,151.507625
301.5,151.143128
302.0,150.78265
302.5,150.426148
303.0,150.073582
303.5,149.724898
304.0,149.380049
304.5,149.038998
305.0,148.701688
305.5,148.368082
306.0,148.038131
306.5,147.71179
307.0,147.389016
307.5,147.069776
308.0,146.754015
308.5,146.441697
309.0,146.132781
309.5,145.827051
310.0,145.434543
310.5,144.724208
311.0,143.662932
311.5,142.254655
312.0,140.503237
312.5,138.41263
313.0,136.076502
313.5,133.727734
314.0,131.368125
314.5,129.0089135
315.0,126.6670807
315.5,124.3421945
316.0,122.033825
316.5,119.7415509
317.0,117.4649605
317.5,115.2036525
318.0,112.9572308
318.5,110.7253146
319.0,108.5075222
319.5,106.3034857
320.0,104.1128437
320.5,101.935238
321.0,99.7703226
321.5,97.6177579
322.0,95.4772066
322.5,93.3483421
323.0,91.230844
323.5,89.1243894
324.0,87.0286756
324.5,84.9433925
325.0,82.868242
325.5,80.8029263
326.0,78.7471564
326.5,76.7006501
327.0,74.6631241
327.5,72.6343015
328.0,70.6139105
328.5,68.601684
329.0,66.5973583
329.5,64.6006684
330.0,62.6113626
330.5,60.6293601
331.0,58.7445937
331.5,57.1897002
332.0,56.0003834
332.5,55.1753737
333.0,54.7134703
333.5,54.6133406
334.0,54.7836643
334.5,54.9903926
335.0,55.1964693
335.5,55.401894
336.0,55.606668
336.5,55.8107904
337.0,56.0142597
337.5,56.2170767
338.0,56.4192424
338.5,56.6207537
339.0,56.8216121
339.5,57.0218181
340.0,57.2213694
340.5,57.4202675
341.0,57.6185125
341.5,57.8161032
342.0,58.0130403
342.5,58.2093226
343.0,58.4049513
343.5,58.5999258
344.0,58.7942466
344.5,58.9879135
345.0,59.1809268
345.5,59.3732853
346.0,59.5649919
346.5,59.7560432
347.0,59.9464409
347.5,60.1361865
348.0,60.3252778
348.5,60.5137171
349.0,60.7015032
349.5,60.8886371
350.0,61.0751196
350.5,61.2609493
351.0,61.4461269
351.5,61.6306538
352.0,61.8145302
352.5,61.9977555
353.0,62.1803306
353.5,62.3622576
354.0,62.5435336
354.5,62.7241603
355.0,62.90414
355.5,63.0834707
356.0,63.2621542
356.5,63.44019
357.0,63.6175809
357.5,63.794325
358.0,63.9704245
358.5,64.1458785
359.0,64.3206879
359.5,64.494855
360.0,64.6683787
360.5,64.841262
361.0,65.0135021
361.5,65.1851004
362.0,65.3560608
362.5,65.5263801
363.0,65.6960578
363.5,65.8651026
364.0,66.0335076
364.5,66.2012789
365.0,66.36841
365.5,66.53491
366.0,66.7007739
366.5,66.8660047
367.0,67.0306071
367.5,67.1945749
368.0,67.3579124
368.5,67.5206216
369.0,67.6826995
369.5,67.8441511
370.0,68.004978
370.5,68.1651749
371.0,68.32475
371.5,68.4836996
372.0,68.6420296
372.5,68.799733
373.0,68.9568169
373.5,69.1132844
374.0,69.2691286
374.5,69.424358
375.0,69.578968
375.5,69.7329626
376.0,69.8863447
376.5,70.039114
377.0,70.1912696
377.5,70.342814
378.0,70.4937495
378.5,70.644075
379.0,70.7937935
379.5,70.942904
380.0,71.0914116
380.5,71.2393135
381.0,71.386614
381.5,71.5333112
382.0,71.679407
382.5,71.824906
383.0,71.9698071
383.5,72.1141106
384.0,72.257818
384.5,72.4009327
385.0,72.543453
385.5,72.6853809
386.0,72.8267201
386.5,72.9674715
387.0,73.107634
387.5,73.2471427
388.0,73.3513563
388.5,73.3308656
389.0,73.172005
389.5,72.8753626
390.0,72.4414994
390.5,71.8710505
391.0,71.1992008
391.5,70.5159052
392.0,69.8353661
392.5,69.1575458
393.0,68.4824081
393.5,67.8099175
394.0,67.140036
394.5,66.472729
395.0,65.8079594
395.5,65.1456935
396.0,64.4858966
396.5,63.8285355
397.0,63.173576
397.5,62.5209837
398.0,61.8707264
398.5,61.2227726
399.0,60.5770893
399.5,59.9336432
400.0,59.2924056
400.5,58.6533455
401.0,58.0164299
401.5,57.3816295
402.0,56.7489139
402.5,56.1183209
403.0,55.5244759
403.5,55.0568468
404.0,54.7292168
404.5,54.5411363
405.0,54.4921706
405.5,54.5818149
406.0,54.7749815
406.5,54.9817363
407.0,55.1878407
407.5,55.3932927
408.0,55.5980939
408.5,55.8022437
409.0,56.0057411
409.5,56.2085854
410.0,56.4107783
410.5,56.6123167
411.0,56.8132027
411.5,57.0134362
412.0,57.2130157
412.5,57.4119413
413.0,57.6102129
413.5,57.8078306
414.0,58.0047947
414.5,58.2011052
415.0,58.3967612
415.5,58.5917629
416.0,58.7861115
416.5,58.9798052
417.0,59.1728473
417.5,59.3652332
418.0,59.5569657
418.5,59.7480442
419.0,59.9384696
419.5,60.1282423
420.0,60.3173621
420.5,60.505829
421.0,60.6936423
421.5,60.8808035
422.0,61.0673126
422.5,61.2531694
423.0,61.4383744
423.5,61.6229283
424.0,61.8068326
424.5,61.9900856
425.0,62.1726888
425.5,62.3546406
426.0,62.5359443
426.5,62.716599
427.0,62.896605
427.5,63.0759622
428.0,63.2546744
428.5,63.4327378
429.0,63.6101542
429.5,63.7869256
430.0,63.9630528
430.5,64.1385337
431.0,64.31337
431.5,64.4875653
432.0,64.661114
432.5,64.8340235
433.0,65.0062916
433.5,65.177916
434.0,65.3489022
434.5,65.5192482
435.0,65.6889558
435.5,65.8580256
436.0,66.0264602
436.5,66.194255
437.0,66.3614151
437.5,66.5279421
438.0,66.693831
438.5,66.8590892
439.0,67.0237175
439.5,67.187712
440.0,67.351076
440.5,67.5138094
441.0,67.6759164
441.5,67.8373939
442.0,67.9982443
442.5,68.1584706
443.0,68.3180705
443.5,68.4770472
444.0,68.6354009
444.5,68.793133
445.0,68.950244
445.5,69.1067337
446.0,69.2626055
446.5,69.4178604
447.0,69.5724963
447.5,69.7265185
448.0,69.8799248
448.5,70.0327198
449.0,70.184901
449.5,70.3364699
450.0,70.4874312
450.5,70.637783
451.0,70.7875265
451.5,70.9366645
452.0,71.0851936
452.5,71.2331245
453.0,71.380448
453.5,71.5271705
454.0,71.6732922
454.5,71.8188164
455.0,71.9637401
455.5,72.1080705
456.0,72.2518039
456.5,72.394942
457.0,72.5374877
457.5,72.6794441
458.0,72.8208059
458.5,72.9615814
459.0,73.101769
459.5,73.2413685
460.0,73.3803862
460.5,73.518819
461.0,73.6566678
461.5,73.7939367
462.0,73.9306259
462.5,74.0667375
463.0,74.2022691
463.5,74.3372302
464.0,74.471615
464.5,74.6054285
465.0,74.7386684
465.5,74.8713396
466.0,75.0034446
466.5,75.1349796
467.0,75.2659524
467.5,75.3963578
468.0,75.5262014
468.5,75.6554847
469.0,75.7842101
469.5,75.912375
470.0,76.0399841
470.5,76.167038
471.0,76.2935367
471.5,76.419486
472.0,76.544885
472.5,76.6697312
473.0,76.7940314
473.5,76.9177874
474.0,77.040997
474.5,77.163663
475.0,77.2857886
475.5,77.4073746
476.0,77.5284234
476.5,77.6489313
477.0,77.768906
477.5,77.8883465
478.0,78.0072561
478.5,78.1256334
479.0,78.2434839
479.5,78.3608044
480.0,78.4776003
480.5,78.5938695
481.0,78.7096202
481.5,78.8248474
482.0,78.939555
482.5,79.053743
483.0,79.1674176
483.5,79.280576
484.0,79.393221
484.5,79.505356
485.0,79.6169785
485.5,79.7280945
486.0,79.8387025
486.5,79.948806
487.0,80.0584056
487.5,80.1675027
488.0,80.2761003
488.5,80.384198
489.0,80.4918009
489.5,80.5989061
490.0,80.70552
490.5,80.8116416
491.0,80.9172694
491.5,81.0224094
492.0,81.1270644
492.5,81.23123
493.0,81.3349145
493.5,81.4381157
494.0,81.540836
494.5,81.6430793
495.0,81.7448431
495.5,81.8461295
496.0,81.9469436
496.5,82.047286
497.0,82.147156
497.5,82.2465568
498.0,82.3454904
498.5,82.4438184
499.0,82.4691088
499.5,82.2344995
500.0,81.71156
500.5,80.9016326
501.0,79.806008
501.5,78.4260716
502.0,76.835436
502.5,75.2221412
503.0,73.6157927
503.5,72.0162094
504.0,70.4232171
504.5,68.8367861
505.0,67.3291904
505.5,66.0873015
506.0,65.1396758
506.5,64.4851584
507.0,64.1226336
507.5,64.0508781
508.0,64.1963714
508.5,64.3709954
509.0,64.5449774
509.5,64.7183144
510.0,64.8910111
510.5,65.0630663
511.0,65.2344805
511.5,65.4052571
512.0,65.575391
512.5,65.7448885
513.0,65.9137484
513.5,66.0819705
514.0,66.2495576
514.5,66.4165065
515.0,66.5828236
515.5,66.7485051
516.0,66.9135541
516.5,67.077971
517.0,67.2417584
517.5,67.404916
518.0,67.5674406
518.5,67.7293381
519.0,67.8906086
519.5,68.0512541
520.0,68.2112725
520.5,68.3706666
521.0,68.5294363
521.5,68.687584
522.0,68.845111
522.5,69.0020177
523.0,69.1583017
523.5,69.3139696
524.0,69.469021
524.5,69.6234547
525.0,69.7772707
525.5,69.9304769
526.0,70.0830677
526.5,70.2350472
527.0,70.3864186
527.5,70.5371756
528.0,70.687324
528.5,70.8368686
529.0,70.9858068
529.5,71.1341374
530.0,71.2818661
530.5,71.4289938
531.0,71.5755157
531.5,71.721441
532.0,71.8667654
532.5,72.0114949
533.0,72.1556257
533.5,72.2991621
534.0,72.4421061
534.5,72.5844536
535.0,72.7262155
535.5,72.867385
536.0,73.007965
536.5,73.1479585
537.0,73.2873648
537.5,73.4261882
538.0,73.5644292
538.5,73.7020861
539.0,73.8391613
539.5,73.9756606
540.0,74.1115809
540.5,74.246926
541.0,74.381695
541.5,74.5158915
542.0,74.6495149
542.5,74.7825675
543.0,74.9150509
543.5,75.0469665
544.0,75.178314
544.5,75.3091
545.0,75.4393207
545.5,75.5689804
546.0,75.6980786
546.5,75.8266177
547.0,75.9545981
547.5,76.0820226
548.0,76.2088946
548.5,76.3352124
549.0,76.4609791
549.5,76.586194
550.0,76.710863
550.5,76.834982
551.0,76.958557
551.5,77.0815851
552.0,77.2040734
552.5,77.3260209
553.0,77.447428
553.5,77.5682975
554.0,77.6886324
554.5,77.8084295
555.0,77.9276935
555.5,78.0464285
556.0,78.1646312
556.5,78.282305
557.0,78.3994536
557.5,78.5160753
558.0,78.6321745
558.5,78.7477474
559.0,78.8628064
559.5,78.977341
560.0,79.0913614
560.5,79.2048625
561.0,79.317851
561.5,79.4303285
562.0,79.5422926
562.5,79.6537481
563.0,79.7646951
563.5,79.8751369
564.0,79.985073
564.5,80.0945061
565.0,80.20344
565.5,80.3118718
566.0,80.4198053
566.5,80.5272435
567.0,80.6341865
567.5,80.7406366
568.0,80.8465936
568.5,80.9520619
569.0,81.057042
569.5,81.161533
570.0,81.2655436
570.5,81.3690664
571.0,81.4721074
571.5,81.5746694
572.0,81.6767554
572.5,81.7767229
573.0,81.8736635
573.5,81.9702691
574.0,82.0664286
574.5,82.1621376
575.0,82.257398
575.5,82.3522093
576.0,82.446572
576.5,82.5404935
577.0,82.6339686
577.5,82.7270026
578.0,82.8195975
578.5,82.9117494
579.0,83.0034683
579.5,83.0947528
580.0,83.1856006
580.5,83.276017
581.0,83.3660029
581.5,83.4555594
582.0,83.5446893
582.5,83.6333909
583.0,83.7216709
583.5,83.8095285
584.0,83.8969629
584.5,83.9839779
585.0,84.070578
585.5,84.1567551
586.0,84.2425231
586.5,84.3278767
587.0,84.4128186
587.5,84.4975415
588.0,84.5921304
588.5,84.7058945
589.0,84.838057
589.5,84.9886214
590.0,85.1575017
590.5,85.344605
591.0,85.5498406
591.5,85.773117
592.0,86.014344
592.5,86.2734299
593.0,86.5502846
593.5,86.8448118
594.0,87.1569244
594.5,87.4831516
595.0,87.8090802
595.5,88.1309424
596.0,88.4488074
596.5,88.7627244
597.0,89.0727546
597.5,89.378952
598.0,89.6813768
598.5,89.9800596
599.0,90.2750406
599.5,90.5663718
600.0,90.8540995
600.5,91.1382516
601.0,91.4188709
601.5,91.6960101
602.0,91.9697146
602.5,92.240034
603.0,92.5070176
603.5,92.7707111
604.0,93.0311554
604.5,93.2883974
605.0,93.542484
605.5,93.7934526
606.0,94.0413475
606.5,94.2862114
607.0,94.5280826
607.5,94.7669998
608.0,95.0030084
608.5,95.236141
609.0,95.466436
609.5,95.6939326
610.0,95.918664
610.5,96.1406694
611.0,96.3599855
611.5,96.5766425
612.0,96.7906754
612.5,97.0021208
613.0,97.2110144
613.5,97.4173804
614.0,97.6212543
614.5,97.8226689
615.0,98.0216545
615.5,98.2182395
616.0,98.412463
616.5,98.6043435
617.0,98.7939138
617.5,98.981204
618.0,99.1662425
618.5,99.3490581
619.0,99.5296744
619.5,99.7081225
620.0,99.8844254
620.5,100.0586116
621.0,100.230706
621.5,100.4007375
622.0,100.568726
622.5,100.7346993
623.0,100.8986781
623.5,101.0606734
624.0,101.2207166
624.5,101.3788258
625.0,101.535025
625.5,101.689342
626.0,101.841792
626.5,101.9924023
627.0,102.1411943
627.5,102.2881885
628.0,102.4334119
628.5,102.5768761
629.0,102.7186081
629.5,102.8586289
630.0,102.9969594
630.5,103.1336159
631.0,103.26862
631.5,103.4019926
632.0,103.5337508
632.5,103.663917
633.0,103.7925064
633.5,103.9195395
634.0,104.0450349
634.5,104.1690094
635.0,104.2914814
635.5,104.412469
636.0,104.5319894
636.5,104.650057
637.0,104.7666925
637.5,104.8819129
638.0,104.9957316
638.5,105.1081683
639.0,105.219234
639.5,105.3289508
640.0,105.4373306
640.5,105.5443875
641.0,105.6501426
641.5,105.7546046
642.0,105.857789
642.5,105.9597154
643.0,106.060396
643.5,106.1598441
644.0,106.258073
644.5,106.3551009
645.0,106.4509366
645.5,106.5455976
646.0,106.6390935
646.5,106.7314415
647.0,106.8226525
647.5,106.9127401
648.0,107.001719
648.5,107.089597
649.0,107.176392
649.5,107.2621164
650.0,107.3467745
650.5,107.4303866
651.0,107.5129624
651.5,107.5945119
652.0,107.6750496
652.5,107.7545831
653.0,107.8331269
653.5,107.9106932
654.0,107.9872895
654.5,108.0629305
655.0,108.137624
655.5,108.211382
656.0,108.2842144
656.5,108.356132
657.0,108.4271465
657.5,108.4972668
658.0,108.5664999
658.5,108.634862
659.0,108.7023595
659.5,108.7690028
660.0,108.8348006
660.5,108.899762
661.0,108.9638965
661.5,109.0272166
662.0,109.089728
662.5,109.1514407
663.0,109.2123633
663.5,109.2725065
664.0,109.3318784
664.5,109.3904845
665.0,109.4483375
665.5,109.5054416
666.0,109.561813
666.5,109.6174486
667.0,109.6723649
667.5,109.7265676
668.0,109.7800655
668.5,109.8328651
669.0,109.8849752
669.5,109.936402
670.0,109.987154
670.5,110.03724
671.0,110.0866654
671.5,110.1354386
672.0,110.183569
672.5,110.2310594
673.0,110.2779195
673.5,110.3241549
674.0,110.3697725
674.5,110.4147839
675.0,110.45919
675.5,110.502998
676.0,110.5462147
676.5,110.5888516
677.0,110.6309107
677.5,110.6724012
678.0,110.7133245
678.5,110.7536915
679.0,110.7935044
679.5,110.8327745
680.0,110.871505
680.5,110.9097002
681.0,110.947369
681.5,110.9845156
682.0,111.0211459
682.5,111.057264
683.0,111.0928791
683.5,111.1279954
684.0,111.1626141
684.5,111.1967466
685.0,111.2303961
685.5,111.2635704
686.0,111.3067904
686.5,111.3583164
687.0,111.407023
687.5,111.4535701
688.0,111.4980106
688.5,111.5403945
689.0,111.5807824
689.5,111.6192766
690.0,111.6559555
690.5,111.6856926
691.0,111.7124299
691.5,111.7390189
692.0,111.7652046
692.5,111.790997
693.0,111.8163999
693.5,111.841416
694.0,111.8660531
694.5,111.890308
695.0,111.9141905
695.5,111.937706
696.0,111.9608545
696.5,111.9836406
697.0,112.006063
697.5,112.0281286
698.0,112.0498401
698.5,112.0711986
699.0,112.0922147
699.5,112.1128875
700.0,112.1332179
700.5,112.1532184
701.0,112.1728854
701.5,112.1922284
702.0,112.2112431
702.5,112.2299416
703.0,112.2483206
703.5,112.2663866
704.0,112.284147
704.5,112.3015949
705.0,112.3187448
705.5,112.3355937
706.0,112.3521464
706.5,112.3684074
707.0,112.3843785
707.5,112.4000625
708.0,112.4154645
708.5,112.4305871
709.0,112.4454344
709.5,112.4600039
710.0,112.474304
710.5,112.4883361
711.0,112.5021068
711.5,112.5156108
712.0,112.5288596
712.5,112.5418525
713.0,112.5545908
713.5,112.5670799
714.0,112.5793219
714.5,112.59132
715.0,112.6030724
715.5,112.6145867
716.0,112.6258669
716.5,112.636911
717.0,112.6477214
717.5,112.658306
718.0,112.6686654
718.5,112.6787975
719.0,112.688711
719.5,112.6984036
720.0,112.707881
720.5,112.7171446
721.0,112.7261958
721.5,112.7350368
722.0,112.7436725
722.5,112.7521019
723.0,112.7603314
723.5,112.768357
724.0,112.7761865
724.5,112.7838211
725.0,112.7912622
725.5,112.7985113
726.0,112.8055695
726.5,112.812443
727.0,112.81913
727.5,112.8256352
728.0,112.8319574
728.5,112.8381002
729.0,112.844068
729.5,112.8498594
730.0,112.8554796
730.5,112.8609269
731.0,112.866205
731.5,112.8713154
732.0,112.876261
732.5,112.8810419
733.0,112.8856616
733.5,112.890121
734.0,112.8944224
734.5,112.8985664
735.0,112.9025554
735.5,112.9063921
736.0,112.9100774
736.5,112.9136135
737.0,112.917
737.5,112.9202406
738.0,112.923336
738.5,112.9262884
739.0,112.9290985
739.5,112.9317705
740.0,112.9343005
740.5,112.9366974
741.0,112.9389565
741.5,112.941084
742.0,112.9430766
742.5,112.9449374
743.0,112.9466709
743.5,112.9482748
744.0,112.949755
744.5,112.9511036
745.0,112.952335
745.5,112.9534399
746.0,112.9544253
746.5,112.9552934
747.0,112.9560395
747.5,112.9566686
748.0,112.9571815
748.5,112.9575799
749.0,112.9578676
749.5,112.9580404
750.0,112.958106
750.5,112.958058
751.0,112.9579019
751.5,112.9576411
752.0,112.9572729
752.5,112.9567996
753.0,112.956222
753.5,112.9539473
754.0,112.1237645
754.5,108.340095
755.0,101.2960284
755.5,91.0273889
756.0,77.5742196
756.5,60.9504749
757.0,42.7438791
757.5,27.2159822
758.0,15.02771125
758.5,6.16626827
759.0,0.82914189566
759.5,0.03403142017
760.0,0.502249061
760.5,1.10484021
761.0,1.70669844
761.5,2.30849777
762.0,2.91021737
762.5,3.51183663
763.0,4.11333474
763.5,4.71469099
764.0,5.31588471
764.5,5.91689528
765.0,6.51770188
765.5,7.11828418
766.0,7.71862123
766.5,8.3186927
767.0,8.9184779
767.5,9.51795665
768.0,10.1171083
768.5,10.7159126
769.0,11.3143491
769.5,11.91239745
770.0,12.5100377
770.5,13.10724895
771.0,13.7040116
771.5,14.30030625
772.0,14.8961114
772.5,15.4914081
773.0,16.0861762
773.5,16.6803965
774.0,17.274048
774.5,17.8671123
775.0,18.4595697
775.5,19.0513996
776.0,19.642584
776.5,20.2331021
777.0,20.8229368
777.5,21.4120667
778.0,22.000474
778.5,22.58814
779.0,23.1750451
779.5,23.761171
780.0,24.3464987
780.5,24.9310101
781.0,25.5146858
781.5,26.0975094
782.0,26.679461
782.5,27.2605232
783.0,27.8406778
783.5,28.419907
784.0,28.9981929
784.5,29.5755187
785.0,30.1518663
785.5,30.7272182
786.0,31.3015572
786.5,31.874866
787.0,32.4471285
787.5,33.0183276
788.0,33.5884465
788.5,34.1574673
789.0,34.7253759
789.5,35.2921547
790.0,35.8577869
790.5,36.4222591
791.0,36.9855523
791.5,37.547653
792.0,38.1085449
792.5,38.6682119
793.0,39.2266394
793.5,39.7838133
794.0,40.3397165
794.5,40.8943371
795.0,41.4476581
795.5,41.9996655
796.0,42.5503451
796.5,43.0996829
797.0,43.6476641
797.5,44.1942778
798.0,44.7395058
798.5,45.283338
799.0,45.8257601
799.5,46.3667584
800.0,46.9063214
800.5,47.444435
801.0,47.9810866
801.5,48.5162628
802.0,49.0499537
802.5,49.5821453
803.0,50.1128261
803.5,50.6419849
804.0,51.1696091
804.5,51.6956874
805.0,52.2202085
805.5,52.7431614
806.0,53.2645359
806.5,53.7843203
807.0,54.3025042
807.5,54.8190767
808.0,55.3340291
808.5,55.8473495
809.0,56.3590289
809.5,56.869059
810.0,57.3774265
810.5,57.884126
811.0,58.3891459
811.5,58.8924781
812.0,59.3941135
812.5,59.8940434
813.0,60.3922601
813.5,60.8887535
814.0,61.3835174
814.5,61.8765435
815.0,62.3678232
815.5,62.857348
816.0,63.3451128
816.5,63.8311091
817.0,64.3153307
817.5,64.7977698
818.0,65.2784181
818.5,65.7572708
819.0,66.2343245
819.5,66.70957
820.0,67.1829981
820.5,67.6546081
821.0,68.124392
821.5,68.5923445
822.0,69.0584594
822.5,69.522733
823.0,69.9851594
823.5,70.4457341
824.0,70.9044517
824.5,71.3613086
825.0,71.8162995
825.5,72.2694219
826.0,72.7206715
826.5,73.1700395
827.0,73.6168928
827.5,74.058527
828.0,74.4943193
828.5,74.9243774
829.0,75.3488046
829.5,75.7677054
830.0,76.1811779
830.5,76.5893165
831.0,76.9922159
831.5,77.3899654
832.0,77.782653
832.5,78.1703678
833.0,78.553189
833.5,78.9311965
834.0,79.3044718
834.5,79.6730926
835.0,80.0371056
835.5,80.3744753
836.0,80.6236256
836.5,80.7743486
837.0,80.8270966
837.5,80.782322
838.0,80.6404754
838.5,80.4020075
839.0,80.0664412
839.5,79.6315854
840.0,79.0974236
840.5,78.4643891
841.0,77.7329057
841.5,76.90338
842.0,75.9762086
842.5,74.9517669
843.0,73.8305591
843.5,72.6419995
844.0,71.4499971
844.5,70.2628679
845.0,69.0805099
845.5,67.902828
846.0,66.7297216
846.5,65.5610934
847.0,64.3968509
847.5,63.2369
848.0,62.0811447
848.5,60.9294964
849.0,59.7818652
849.5,58.6381604
850.0,57.4982947
850.5,56.3621799
851.0,55.2297305
851.5,54.1008612
852.0,52.9754892
852.5,51.8535288
853.0,50.7348994
853.5,49.6195196
854.0,48.5073081
854.5,47.3981861
855.0,46.2920737
855.5,45.1888943
856.0,44.0885674
856.5,42.9910186
857.0,41.8961724
857.5,40.8039535
858.0,39.7142857
858.5,38.6270969
859.0,37.542313
859.5,36.4598607
860.0,35.3796705
860.5,34.301668
861.0,33.2257838
861.5,32.1519468
862.0,31.0800884
862.5,30.0101378
863.0,28.9420264
863.5,27.8756862
864.0,26.8110491
864.5,25.7480468
865.0,24.686613
865.5,23.6266804
866.0,22.5681822
866.5,21.511053
867.0,20.4552269
867.5,19.4006384
868.0,18.3472224
868.5,17.2949132
869.0,16.24364785
869.5,15.1933606
870.0,14.1439878
870.5,13.09546595
871.0,12.047731
871.5,11.0007193
872.0,9.9543679
872.5,8.9086135
873.0,7.86339295
873.5,6.81864379
874.0,5.77430282
874.5,4.73030766
875.0,3.68659548
875.5,2.64310387
876.0,1.59977044
876.5,0.558449229
877.0,-0.3462423122
877.5,-1.083154895
878.0,-1.81352044
878.5,-2.54381046
879.0,-3.27399397
879.5,-4.00404038
880.0,-4.73391933
880.5,-5.46360016
881.0,-6.19305229
881.5,-6.92224564
882.0,-7.65114958
882.5,-8.37973395
883.0,-9.1079683
883.5,-9.83582225
884.0,-10.5632659
884.5,-11.2902694
885.0,-12.01680205
885.5,-12.7428344
886.0,-13.4683368
886.5,-14.1932786
887.0,-14.91763105
887.5,-15.64136435
888.0,-16.3644486
888.5,-17.0868546
889.0,-17.8085537
889.5,-18.5295041
890.0,-19.2475354
890.5,-19.9632742
891.0,-20.6782952
891.5,-21.3924721
892.0,-22.1057738
892.5,-22.8181716
893.0,-23.5296385
893.5,-24.2401459
894.0,-24.9496669
894.5,-25.6581735
895.0,-26.3656382
895.5,-27.0720343
896.0,-27.7773352
896.5,-28.4815134
897.0,-29.1845428
897.5,-29.8863965
898.0,-30.5870487
898.5,-31.2868866
899.0,-31.9883081
899.5,-32.6887844
900.0,-33.3879194
900.5,-34.0857159
901.0,-34.7821503
901.5,-35.4771968
902.0,-36.1708312
902.5,-36.8630282
903.0,-37.5537653
903.5,-38.2430148
904.0,-38.9307552
904.5,-39.6169636
905.0,-40.3016131
905.5,-40.9846829
906.0,-41.6661501
906.5,-42.3459907
907.0,-43.0241828
907.5,-43.7007039
908.0,-44.3755323
908.5,-45.0486458
909.0,-45.7200231
909.5,-46.3896422
910.0,-47.0574838
910.5,-47.7235248
911.0,-48.3877458
911.5,-49.0501267
912.0,-49.7106477
912.5,-50.3692889
913.0,-51.0260299
913.5,-51.6808527
914.0,-52.3337378
914.5,-52.984669
915.0,-53.6336232
915.5,-54.2805855
916.0,-54.9255377
916.5,-55.5684624
917.0,-56.2093408
917.5,-56.8481569
918.0,-57.4848954
918.5,-58.1195383
919.0,-58.7520698
919.5,-59.3824749
920.0,-60.0107359
920.5,-60.6360361
921.0,-61.2534316
921.5,-61.8612356
922.0,-62.4597043
922.5,-63.049082
923.0,-63.629602
923.5,-64.201484
924.0,-64.7649454
924.5,-65.3201484
925.0,-65.867263
925.5,-66.4064791
926.0,-66.9379782
926.5,-67.461936
927.0,-67.978521
927.5,-68.4878981
928.0,-68.990216
928.5,-69.4856294
929.0,-69.9742846
929.5,-70.4563139
930.0,-70.9318035
930.5,-71.4008089
931.0,-71.8634476
931.5,-72.3198506
932.0,-72.7701434
932.5,-73.2144303
933.0,-73.6528369
933.5,-74.0854709
934.0,-74.512435
934.5,-74.933836
935.0,-75.349775
935.5,-75.7603477
936.0,-76.1656474
936.5,-76.56577
937.0,-76.9607991
937.5,-77.3508245
938.0,-77.7359324
938.5,-78.116201
939.0,-78.4917091
939.5,-78.8625383
940.0,-79.2287655
940.5,-79.5904589
941.0,-79.9476911
941.5,-80.3005344
942.0,-80.6490575
942.5,-80.9932869
943.0,-81.3332371
943.5,-81.6689679
944.0,-82.000542
944.5,-82.3280255
945.0,-82.6514788
945.5,-82.9709625
946.0,-83.286539
946.5,-83.5982664
947.0,-83.9061995
947.5,-84.210397
948.0,-84.5106334
948.5,-84.8050605
949.0,-85.095653
949.5,-85.3827594
950.0,-85.666397
950.5,-85.9466124
951.0,-86.2234554
951.5,-86.4969739
952.0,-86.7672104
952.5,-87.0342126
953.0,-87.2980274
953.5,-87.5586915
954.0,-87.8162545
954.5,-88.0707565
955.0,-88.3222349
955.5,-88.5707356
956.0,-88.8162945
956.5,-89.0589537
957.0,-89.2987478
957.5,-89.5357166
958.0,-89.7698965
958.5,-90.0013267
959.0,-90.2300355
959.5,-90.456065
960.0,-90.679447
960.5,-90.9002026
961.0,-91.1183559
961.5,-91.3339411
962.0,-91.5469874
962.5,-91.7575257
963.0,-91.9655936
963.5,-92.1712169
964.0,-92.3744311
964.5,-92.5752625
965.0,-92.773743
965.5,-92.9699014
966.0,-93.163766
966.5,-93.3553641
967.0,-93.5447276
967.5,-93.7320891
968.0,-93.9200325
968.5,-94.1064277
969.0,-94.2906
969.5,-94.4725264
970.0,-94.5857219
970.5,-94.4591146
971.0,-94.068001
971.5,-93.415313
972.0,-92.5039653
972.5,-91.3370433
973.0,-89.9925781
973.5,-88.6665379
974.0,-87.3895357
974.5,-86.16115
975.0,-84.9809558
975.5,-83.8486255
976.0,-82.8131785
976.5,-82.0012809
977.0,-81.4305494
977.5,-81.0981298
978.0,-81.0011541
978.5,-81.1365401
979.0,-81.4434309
979.5,-81.770221
980.0,-82.0930009
980.5,-82.4118255
981.0,-82.7267534
981.5,-83.0378401
982.0,-83.345149
982.5,-83.6487304
983.0,-83.948641
983.5,-84.2449365
984.0,-84.5376639
984.5,-84.8268765
985.0,-85.1126271
985.5,-85.3949635
986.0,-85.673928
986.5,-85.9495766
987.0,-86.2219465
987.5,-86.4910929
988.0,-86.757049
988.5,-87.0198683
989.0,-87.2795859
989.5,-87.5362507
990.0,-87.7898994
990.5,-88.0405694
991.0,-88.2883055
991.5,-88.533144
992.0,-88.7751255
992.5,-89.0142845
993.0,-89.2506585
993.5,-89.4842824
994.0,-89.7151964
994.5,-89.9434314
995.0,-90.169023
995.5,-90.392006
996.0,-90.6124125
996.5,-90.8302648
997.0,-91.04559
997.5,-91.2584072
998.0,-91.4687559
998.5,-91.6766631
999.0,-91.882161
999.5,-92.0852818
1000.0,-92.2860486
1000.5,-92.4844969
1001.0,-92.680654
1001.5,-92.8745475
1002.0,-93.0662021
1002.5,-93.2556515
1003.0,-93.4429216
1003.5,-93.6280361
1004.0,-93.811021
1004.5,-93.9919054
1005.0,-94.1707098
1005.5,-94.3474651
1006.0,-94.5221904
1006.5,-94.6949136
1007.0,-94.8656616
1007.5,-95.0344522
1008.0,-95.2013085
1008.5,-95.366257
1009.0,-95.5293207
1009.5,-95.6905189
1010.0,-95.849875
1010.5,-96.00741
1011.0,-96.1631484
1011.5,-96.3171075
1012.0,-96.4693091
1012.5,-96.6197771
1013.0,-96.7685242
1013.5,-96.915576
1014.0,-97.060954
1014.5,-97.2046714
1015.0,-97.3467539
1015.5,-97.4872149
1016.0,-97.6260756
1016.5,-97.7633545
1017.0,-97.8990708
1017.5,-98.0332379
1018.0,-98.1658802
1018.5,-98.297009
1019.0,-98.426645
1019.5,-98.5548045
1020.0,-98.6815025
1020.5,-98.8067604
1021.0,-98.9305912
1021.5,-99.0530076
1022.0,-99.1740341
1022.5,-99.2936798
1023.0,-99.4119591
1023.5,-99.5288924
1024.0,-99.6444926
1024.5,-99.7587746
1025.0,-99.8717552
1025.5,-99.9834451
1026.0,-100.0938625
1026.5,-100.2030188
1027.0,-100.3109301
1027.5,-100.417607
1028.0,-100.5230681
1028.5,-100.627324
1029.0,-100.730388
1029.5,-100.8322746
1030.0,-100.9329868
1030.5,-101.0325419
1031.0,-101.130949
1031.5,-101.2282235
1032.0,-101.3243764
1032.5,-101.4194224
1033.0,-101.5133707
1033.5,-101.606237
1034.0,-101.6980314
1034.5,-101.7887629
1035.0,-101.8784489
1035.5,-101.9670977
1036.0,-102.0547224
1036.5,-102.1413297
1037.0,-102.2269366
1037.5,-102.3115528
1038.0,-102.3951875
1038.5,-102.4778505
1039.0,-102.5595563
1039.5,-102.6403127
1040.0,-102.7201244
1040.5,-102.7989956
1041.0,-102.8769409
1041.5,-102.953968
1042.0,-103.0300857
1042.5,-103.1053054
1043.0,-103.179637
1043.5,-103.2530906
1044.0,-103.3256754
1044.5,-103.397402
1045.0,-103.4682764
1045.5,-103.5383129
1046.0,-103.607519
1046.5,-103.675903
1047.0,-103.7434744
1047.5,-103.810241
1048.0,-103.8762164
1048.5,-103.9414
1049.0,-104.0058115
1049.5,-104.0694505
1050.0,-104.1323318
1050.5,-104.1944602
1051.0,-104.2558429
1051.5,-104.3164923
1052.0,-104.376414
1052.5,-104.4356126
1053.0,-104.4941042
1053.5,-104.551888
1054.0,-104.608977
1054.5,-104.6653783
1055.0,-104.721096
1055.5,-104.7761429
1056.0,-104.8305211
1056.5,-104.8842418
1057.0,-104.9373098
1057.5,-104.9897315
1058.0,-105.0415165
1058.5,-105.0926711
1059.0,-105.1432034
1059.5,-105.1931144
1060.0,-105.2424165
1060.5,-105.2911149
1061.0,-105.3392154
1061.5,-105.386728
1062.0,-105.4336534
1062.5,-105.479999
1063.0,-105.5257757
1063.5,-105.5709855
1064.0,-105.6156388
1064.5,-105.6597333
1065.0,-105.7032841
1065.5,-105.7462921
1066.0,-105.7887642
1066.5,-105.8307055
1067.0,-105.872112
1067.5,-105.9129736
1068.0,-105.9532909
1068.5,-105.9930811
1069.0,-106.0323365
1069.5,-106.0710717
1070.0,-106.1092915
1070.5,-106.1469965
1071.0,-106.1841991
1071.5,-106.2208994
1072.0,-106.2571037
1072.5,-106.292823
1073.0,-106.3280529
1073.5,-106.362806
1074.0,-106.397085
1074.5,-106.4308955
1075.0,-106.4642424
1075.5,-106.4971299
1076.0,-106.5295635
1076.5,-106.5615483
1077.0,-106.5930901
1077.5,-106.6241931
1078.0,-106.6548617
1078.5,-106.6850991
1079.0,-106.714914
1079.5,-106.7443051
1080.0,-106.7732808
1080.5,-106.8017534
1081.0,-106.7812401
1081.5,-106.5869884
1082.0,-106.2009756
1082.5,-105.625215
1083.0,-104.8617184
1083.5,-103.9125816
1084.0,-102.828286
1084.5,-101.735572
1085.0,-100.654379
1085.5,-99.5845091
1086.0,-98.5258355
1086.5,-97.4782839
1087.0,-96.4417808
1087.5,-95.4162609
1088.0,-94.4016552
1088.5,-93.3979046
1089.0,-92.4049421
1089.5,-91.4227118
1090.0,-90.4511538
1090.5,-89.4901455
1091.0,-88.5396034
1091.5,-87.5994795
1092.0,-86.6697264
1092.5,-85.7503886
1093.0,-84.8899028
1093.5,-84.212861
1094.0,-83.73703
1094.5,-83.4601245
1095.0,-83.3798563
1095.5,-83.493756
1096.0,-83.7510575
1096.5,-84.0250836
1097.0,-84.2958537
1097.5,-84.5633964
1098.0,-84.8277664
1098.5,-85.0890004
1099.0,-85.3471455
1099.5,-85.6022401
1100.0,-85.8543306
1100.5,-86.1034517
1101.0,-86.3496442
1101.5,-86.5929491
1102.0,-86.8334024
1102.5,-87.0710444
1103.0,-87.3059088
1103.5,-87.5380334
1104.0,-87.767453
1104.5,-87.9942008
1105.0,-88.2183161
1105.5,-88.4398278
1106.0,-88.6587729
1106.5,-88.8751799
1107.0,-89.0890831
1107.5,-89.3005131
1108.0,-89.5095039
1108.5,-89.7160839
1109.0,-89.9202809
1109.5,-90.122125
1110.0,-90.3216478
1110.5,-90.5188759
1111.0,-90.7138399
1111.5,-90.9065519
1112.0,-91.0970329
1112.5,-91.2853129
1113.0,-91.4714162
1113.5,-91.6552989
1114.0,-91.7999119
1114.5,-91.8099495
1115.0,-91.6716105
1115.5,-91.386479
1116.0,-90.9561671
1116.5,-90.3824085
1117.0,-89.7409585
1117.5,-89.2242261
1118.0,-88.8612121
1118.5,-88.6502366
1119.0,-88.58963
1119.5,-88.6775835
1120.0,-88.87532
1120.5,-89.0859328
1121.0,-89.2941207
1121.5,-89.4999089
1122.0,-89.7033302
1122.5,-89.9044123
1123.0,-90.103182
1123.5,-90.2996717
1124.0,-90.4939073
1124.5,-90.6859175
1125.0,-90.875718
1125.5,-91.0633257
1126.0,-91.2487691
1126.5,-91.4320756
1127.0,-91.6132695
1127.5,-91.7923747
1128.0,-91.969416
1128.5,-92.1444226
1129.0,-92.3174171
1129.5,-92.4884221
1130.0,-92.657461
1130.5,-92.824561
1131.0,-92.98974
1131.5,-93.153026
1132.0,-93.3144366
1132.5,-93.4739974
1133.0,-93.6317274
1133.5,-93.787649
1134.0,-93.9417869
1134.5,-94.094157
1135.0,-94.2447799
1135.5,-94.3936805
1136.0,-94.5408733
1136.5,-94.6863842
1137.0,-94.8302261
1137.5,-94.9724231
1138.0,-95.112993
1138.5,-95.251955
1139.0,-95.3893245
1139.5,-95.5251205
1140.0,-95.6593655
1140.5,-95.79207
1141.0,-95.9232579
1141.5,-96.0529426
1142.0,-96.181144
1142.5,-96.307877
1143.0,-96.4331559
1143.5,-96.5570045
1144.0,-96.679432
1144.5,-96.8004548
1145.0,-96.920091
1145.5,-97.0383574
1146.0,-97.1552666
1146.5,-97.2708368
1147.0,-97.385078
1147.5,-97.4980104
1148.0,-97.609644
1148.5,-97.719996
1149.0,-97.829082
1149.5,-97.9369092
1150.0,-98.0434886
1150.5,-98.1488271
1151.0,-98.2529374
1151.5,-98.3558374
1152.0,-98.4575294
1152.5,-98.5580426
1153.0,-98.6573776
1153.5,-98.7555505
1154.0,-98.8525811
1154.5,-98.9484756
1155.0,-99.0432474
1155.5,-99.1369084
1156.0,-99.2294737
1156.5,-99.3209545
1157.0,-99.4113595
1157.5,-99.5007076
1158.0,-99.5890035
1158.5,-99.6762628
1159.0,-99.762494
1159.5,-99.8477116
1160.0,-99.9319238
1160.5,-100.015145
1161.0,-100.097384
1161.5,-100.1786511
1162.0,-100.2589561
1162.5,-100.3383154
1163.0,-100.4167321
1163.5,-100.4942226
1164.0,-100.570791
1164.5,-100.6464525
1165.0,-100.7212124
1165.5,-100.7950852
1166.0,-100.8680736
1166.5,-100.9401906
1167.0,-101.0114389
1167.5,-101.0818325
1168.0,-101.1513808
1168.5,-101.2200875
1169.0,-101.2879714
1169.5,-101.3550344
1170.0,-101.4212882
1170.5,-101.4867385
1171.0,-101.5513995
1171.5,-101.6152759
1172.0,-101.6783749
1172.5,-101.740707
1173.0,-101.802284
1173.5,-101.8631088
1174.0,-101.9231916
1174.5,-101.9825414
1175.0,-102.0411636
1175.5,-102.0990676
1176.0,-102.1562624
1176.5,-102.2127516
1177.0,-102.268548
1177.5,-102.3236569
1178.0,-102.3780844
1178.5,-102.4318411
1179.0,-102.4849296
1179.5,-102.5373619
1180.0,-102.589142
1180.5,-102.6402779
1181.0,-102.6907752
1181.5,-102.7406444
1182.0,-102.7898878
1182.5,-102.8385139
1183.0,-102.8865325
1183.5,-102.9339432
1184.0,-102.9807586
1184.5,-103.0269835
1185.0,-103.0726246
1185.5,-103.117686
1186.0,-103.1621751
1186.5,-103.2060989
1187.0,-103.2494639
1187.5,-103.2922734
1188.0,-103.3345349
1188.5,-103.3762556
1189.0,-103.417437
1189.5,-103.4580909
1190.0,-103.49822
1190.5,-103.5378288
1191.0,-103.576924
1191.5,-103.6154988
1192.0,-103.647145
1192.5,-103.6553761
1193.0,-103.6377985
1193.5,-103.594667
1194.0,-103.5262501
1194.5,-103.4328208
1195.0,-103.321054
1195.5,-103.2077225
1196.0,-103.0954631
1196.5,-102.9842691
1197.0,-102.8741235
1197.5,-102.7650216
1198.0,-102.6569509
1198.5,-102.5499002
1199.0,-102.4438614
1199.5,-102.33882
1200.0,-102.2347694
1200.5,-102.1316979
1201.0,-102.0296385
1201.5,-101.9287924
1202.0,-101.8291701
1202.5,-101.7307518
1203.0,-101.6335292
1203.5,-101.5374871
1204.0,-101.4426191
1204.5,-101.3489095
1205.0,-101.2563475
1205.5,-101.164925
1206.0,-101.0746283
1206.5,-100.985448
1207.0,-100.8973765
1207.5,-100.8103979
1208.0,-100.7245044
1208.5,-100.6396799
1209.0,-100.5559156
1209.5,-100.4732008
1210.0,-100.3915228
1210.5,-100.3108719
1211.0,-100.2312375
1211.5,-100.1525788
1212.0,-100.0748864
1212.5,-99.9981458
1213.0,-99.922357
1213.5,-99.8475001
1214.0,-99.7735726
1214.5,-99.7005636
1215.0,-99.6284645
1215.5,-99.5572656
1216.0,-99.4869734
1216.5,-99.417646
1217.0,-99.3492896
1217.5,-99.2819085
1218.0,-99.2154957
1218.5,-99.150048
1219.0,-99.0855601
1219.5,-99.0220287
1220.0,-98.9594566
1220.5,-98.8978341
1221.0,-98.837159
1221.5,-98.7774314
1222.0,-98.7186436
1222.5,-98.660794
1223.0,-98.6038825
1223.5,-98.5479014
1224.0,-98.4928509
1224.5,-98.4387391
1225.0,-98.3919769
1225.5,-98.369068
1226.0,-98.372386
1226.5,-98.401665
1227.0,-98.4566315
1227.5,-98.5370128
1228.0,-98.6361306
1228.5,-98.7372196
1229.0,-98.8376442
1229.5,-98.9374131
1230.0,-99.0365433
1230.5,-99.1350429
1231.0,-99.2329275
1231.5,-99.3302106
1232.0,-99.4269019
1232.5,-99.5225414
1233.0,-99.5922705
1233.5,-99.5997785
1234.0,-99.54254
1234.5,-99.4209193
1235.0,-99.2376923
1235.5,-99.0279654
1236.0,-98.8178729
1236.5,-98.6080273
1237.0,-98.3984284
1237.5,-98.1890709
1238.0,-97.9799476
1238.5,-97.7710588
1239.0,-97.5623975
1239.5,-97.3539344
1240.0,-97.129682
1240.5,-96.8483856
1241.0,-96.5038011
1241.5,-96.096277
1242.0,-95.6261444
1242.5,-95.0937699
1243.0,-94.5154509
1243.5,-93.9327652
1244.0,-93.352274
1244.5,-92.7739422
1245.0,-92.1977379
1245.5,-91.623666
1246.0,-91.0676753
1246.5,-90.5710032
1247.0,-90.1398817
1247.5,-89.7739625
1248.0,-89.472904
1248.5,-89.2363288
1249.0,-89.047936
1249.5,-88.8661165
1250.0,-88.6842819
1250.5,-88.5024326
1251.0,-88.3205635
1251.5,-88.1386755
1252.0,-87.9567666
1252.5,-87.7748334
1253.0,-87.5928744
1253.5,-87.4108904
1254.0,-87.2288731
1254.5,-87.0468315
1255.0,-86.864754
1255.5,-86.6826425
1256.0,-86.5004967
1256.5,-86.3183115
1257.0,-86.1360895
1257.5,-85.9538254
1258.0,-85.7715194
1258.5,-85.589169
1259.0,-85.4067725
1259.5,-85.2243265
1260.0,-85.0418343
1260.5,-84.8592914
1261.0,-84.6766939
1261.5,-84.4940435
1262.0,-84.3113346
1262.5,-84.128569
1263.0,-83.9457464
1263.5,-83.762862
1264.0,-83.5799154
1264.5,-83.3969045
1265.0,-83.2138274
1265.5,-83.0306855
1266.0,-82.8474716
1266.5,-82.6641891
1267.0,-82.4808323
1267.5,-82.297405
1268.0,-82.1139006
1268.5,-81.9303205
1269.0,-81.7466615
1269.5,-81.5629209
1270.0,-81.3791029
1270.5,-81.1951986
1271.0,-81.0112114
1271.5,-80.827137
1272.0,-80.642974
1272.5,-80.4587244
1273.0,-80.274386
1273.5,-80.0899494
1274.0,-79.9054224
1274.5,-79.7207994
1275.0,-79.5360811
1275.5,-79.3512636
1276.0,-79.1663425
1276.5,-78.9813271
1277.0,-78.7962035
1277.5,-78.6109791
1278.0,-78.425646
1278.5,-78.2402075
1279.0,-78.0546605
1279.5,-77.8690032
1280.0,-77.6832326
1280.5,-77.4973502
1281.0,-77.3113519
1281.5,-77.1252384
1282.0,-76.9390055
1282.5,-76.7526553
1283.0,-76.5661852
1283.5,-76.379591
1284.0,-76.1928754
1284.5,-76.0059009
1285.0,-75.7497739
1285.5,-75.2464901
1286.0,-74.4688308
1286.5,-73.4179364
1287.0,-72.094899
1287.5,-70.5008409
1288.0,-68.7056845
1288.5,-66.8883905
1289.0,-65.0771129
1289.5,-63.2716424
1290.0,-61.4717717
1290.5,-59.6772936
1291.0,-57.888008
1291.5,-56.1037108
1292.0,-54.3242044
1292.5,-52.549294
1293.0,-50.7787826
1293.5,-49.01248
1294.0,-47.2501941
1294.5,-45.4917374
1295.0,-43.7369206
1295.5,-41.9855598
1296.0,-40.2374704
1296.5,-38.492469
1297.0,-36.7503752
1297.5,-35.0110093
1298.0,-33.2741911
1298.5,-31.5397428
1299.0,-29.8074889
1299.5,-28.0773857
1300.0,-26.4182487
1300.5,-25.0083642
1301.0,-23.876017
1301.5,-23.0219901
1302.0,-22.4460518
1302.5,-22.1476803
1303.0,-22.057518
1303.5,-21.996727
1304.0,-21.9369524
1304.5,-21.878192
1305.0,-21.8204457
1305.5,-21.7637129
1306.0,-21.7079905
1306.5,-21.6532781
1307.0,-21.5995734
1307.5,-21.5468758
1308.0,-21.4951835
1308.5,-21.4444952
1309.0,-21.3948097
1309.5,-21.3461251
1310.0,-21.2984404
1310.5,-21.2517545
1311.0,-21.2060654
1311.5,-21.1613723
1312.0,-21.1176741
1312.5,-21.0749685
1313.0,-21.0332548
1313.5,-20.9925321
1314.0,-20.9527984
1314.5,-20.914053
1315.0,-20.8762943
1315.5,-20.8395207
1316.0,-20.8037318
1316.5,-20.7689254
1317.0,-20.7351014
1317.5,-20.7022574
1318.0,-20.6703931
1318.5,-20.6395067
1319.0,-20.6095974
1319.5,-20.5806634
1320.0,-20.5527039
1320.5,-20.5257175
1321.0,-20.4997039
1321.5,-20.4746605
1322.0,-20.4505873
1322.5,-20.4274826
1323.0,-20.405345
1323.5,-20.3841733
1324.0,-20.3639675
1324.5,-20.3447251
1325.0,-20.326446
1325.5,-20.3091278
1326.0,-20.2927705
1326.5,-20.2773724
1327.0,-20.2629323
1327.5,-20.2494498
1328.0,-20.2369232
1328.5,-20.2253516
1329.0,-20.2147334
1329.5,-20.2050676
1330.0,-20.196354
1330.5,-20.1885907
1331.0,-20.1817768
1331.5,-20.1759108
1332.0,-20.1709921
1332.5,-20.1670194
1333.0,-20.1639917
1333.5,-20.1619075
1334.0,-20.1607667
1334.5,-20.160567
1335.0,-20.161308
1335.5,-20.1629886
1336.0,-20.1656073
1336.5,-20.1691636
1337.0,-20.1736562
1337.5,-20.1790841
1338.0,-20.1854458
1338.5,-20.1927411
1339.0,-20.2009675
1339.5,-20.2101246
1340.0,-20.2202121
1340.5,-20.2312282
1341.0,-20.2431715
1341.5,-20.2560413
1342.0,-20.2698369
1342.5,-20.2845561
1343.0,-20.300199
1343.5,-20.3167643
1344.0,-20.3342507
1344.5,-20.3526565
1345.0,-20.3719815
1345.5,-20.392224
1346.0,-20.4133841
1346.5,-20.4354584
1347.0,-20.4584481
1347.5,-20.4823511
1348.0,-20.5071666
1348.5,-20.5328927
1349.0,-20.5595293
1349.5,-20.5870748
1350.0,-20.6155279
1350.5,-20.6448874
1351.0,-20.6751531
1351.5,-20.7063235
1352.0,-20.7383965
1352.5,-20.7713722
1353.0,-20.8052492
1353.5,-20.8400256
1354.0,-20.8757013
1354.5,-20.9122741
1355.0,-20.9497433
1355.5,-20.9881086
1356.0,-21.0273677
1356.5,-21.0675194
1357.0,-21.1085636
1357.5,-21.1504982
1358.0,-21.1933224
1358.5,-21.2370346
1359.0,-21.2816343
1359.5,-21.3271201
1360.0,-21.3734906
1360.5,-21.420744
1361.0,-21.46888
1361.5,-21.517897
1362.0,-21.5677943
1362.5,-21.6185696
1363.0,-21.6702228
1363.5,-21.7227521
1364.0,-21.7761569
1364.5,-21.8304343
1365.0,-21.8855844
1365.5,-21.941606
1366.0,-21.9984975
1366.5,-22.0562573
1367.0,-22.1148843
1367.5,-22.1743775
1368.0,-22.2347352
1368.5,-22.2959566
1369.0,-22.3580401
1369.5,-22.4209838
1370.0,-22.4847872
1370.5,-22.5494488
1371.0,-22.6149671
1371.5,-22.6813409
1372.0,-22.7485688
1372.5,-22.8166489
1373.0,-22.8855804
1373.5,-22.9553618
1374.0,-23.0259921
1374.5,-23.0974689
1375.0,-23.1697918
1375.5,-23.2429589
1376.0,-23.3169687
1376.5,-23.3918202
1377.0,-23.4675114
1377.5,-23.5440408
1378.0,-23.6214074
1378.5,-23.6996093
1379.0,-23.7786455
1379.5,-23.8585142
1380.0,-23.9392141
1380.5,-24.0207438
1381.0,-24.1031012
1381.5,-24.1862852
1382.0,-24.2702939
1382.5,-24.3551264
1383.0,-24.4407807
1383.5,-24.527255
1384.0,-24.6145478
1384.5,-24.7026585
1385.0,-24.7915842
1385.5,-24.8813238
1386.0,-24.9718761
1386.5,-25.0632387
1387.0,-25.1554101
1387.5,-25.2483894
1388.0,-25.342174
1388.5,-25.4367632
1389.0,-25.5321538
1389.5,-25.6283453
1390.0,-25.7253364
1390.5,-25.8231242
1391.0,-25.9217078
1391.5,-26.0210854
1392.0,-26.1212543
1392.5,-26.222214
1393.0,-26.3239622
1393.5,-26.4264969
1394.0,-26.5298167
1394.5,-26.6339194
1395.0,-26.7388038
1395.5,-26.8444677
1396.0,-26.9509087
1396.5,-27.058126
1397.0,-27.1661168
1397.5,-27.2748801
1398.0,-27.3844137
1398.5,-27.4947153
1399.0,-27.6057833
1399.5,-27.7176162
1400.0,-27.8302114
1400.5,-27.943566
1401.0,-28.0574536
1401.5,-28.1712472
1402.0,-28.284854
1402.5,-28.3982765
1403.0,-28.5115146
1403.5,-28.6245677
1404.0,-28.7374351
1404.5,-28.8501165
1405.0,-28.9626122
1405.5,-29.0749212
1406.0,-29.1870435
1406.5,-29.2989774
1407.0,-29.4107238
1407.5,-29.5222819
1408.0,-29.6336518
1408.5,-29.7448319
1409.0,-29.8558225
1409.5,-29.966624
1410.0,-30.0772346
1410.5,-30.1876551
1411.0,-30.2978845
1411.5,-30.4079225
1412.0,-30.5177689
1412.5,-30.627423
1413.0,-30.7368851
1413.5,-30.8461544
1414.0,-30.9552306
1414.5,-31.0641133
1415.0,-31.172802
1415.5,-31.2812973
1416.0,-31.3895976
1416.5,-31.4977029
1417.0,-31.6056138
1417.5,-31.7133293
1418.0,-31.8208483
1418.5,-31.9281723
1419.0,-32.0352993
1419.5,-32.1422306
1420.0,-32.2489637
1420.5,-32.3554999
1421.0,-32.4618403
1421.5,-32.5679811
1422.0,-32.6739244
1422.5,-32.7796702
1423.0,-32.8852158
1423.5,-32.9905646
1424.0,-33.0957136
1424.5,-33.2006623
1425.0,-33.3054126
1425.5,-33.4099616
1426.0,-33.5143115
1426.5,-33.618461
1427.0,-33.7224104
1427.5,-33.8261588
1428.0,-33.9297062
1428.5,-34.0330514
1429.0,-34.1361957
1429.5,-34.2391383
1430.0,-34.3418793
1430.5,-34.4444172
1431.0,-34.546755
1431.5,-34.6488891
1432.0,-34.7508196
1432.5,-34.8525487
1433.0,-34.9540727
1433.5,-35.0553952
1434.0,-35.1565136
1434.5,-35.2574289
1435.0,-35.3581402
1435.5,-35.4586473
1436.0,-35.5589499
1436.5,-35.6590488
1437.0,-35.7589433
1437.5,-35.8586324
1438.0,-35.9581177
1438.5,-36.0573981
1439.0,-36.1564727
1439.5,-36.2553419
1440.0,-36.3540075
1440.5,-36.4524659
1441.0,-36.5507196
1441.5,-36.6487673
1442.0,-36.7466091
1442.5,-36.8442451
1443.0,-36.9416754
1443.5,-37.0388988
1444.0,-37.1359174
1444.5,-37.2327279
1445.0,-37.3293338
1445.5,-37.4257307
1446.0,-37.5219235
1446.5,-37.6179078
1447.0,-37.7136859
1447.5,-37.8092569
1448.0,-37.9046216
1448.5,-37.9997784
1449.0,-38.0947295
1449.5,-38.1894715
1450.0,-38.284008
1450.5,-38.3783361
1451.0,-38.4724574
1451.5,-38.5663704
1452.0,-38.6600761
1452.5,-38.7535758
1453.0,-38.8468673
1453.5,-38.9399506
1454.0,-39.0328272
1454.5,-39.1254954
1455.0,-39.2179573
1455.5,-39.3102101
1456.0,-39.4022551
1456.5,-39.4940932
1457.0,-39.5857225
1457.5,-39.6771456
1458.0,-39.7683592
1458.5,-39.8593665
1459.0,-39.9501663
1459.5,-40.0407565
1460.0,-40.1311406
1460.5,-40.2213159
1461.0,-40.3112833
1461.5,-40.401045
1462.0,-40.4905983
1462.5,-40.5799413
1463.0,-40.6690792
1463.5,-40.7580105
1464.0,-40.846732
1464.5,-40.9352462
1465.0,-41.0235546
1465.5,-41.1116539
1466.0,-41.1995458
1466.5,-41.2872311
1467.0,-41.3747085
1467.5,-41.4619784
1468.0,-41.549042
1468.5,-41.6358983
1469.0,-41.722547
1469.5,-41.8089883
1470.0,-41.8952238
1470.5,-41.9812515
1471.0,-42.067073
1471.5,-42.1526861
1472.0,-42.2380945
1472.5,-42.3232957
1473.0,-42.4082902
1473.5,-42.4930781
1474.0,-42.5776595
1474.5,-42.6620362
1475.0,-42.7462048
1475.5,-42.8301683
1476.0,-42.9139257
1476.5,-42.9974778
1477.0,-43.080824
1477.5,-43.1639644
1478.0,-43.2468993
1478.5,-43.3296289
1479.0,-43.4121525
1479.5,-43.494471
1480.0,-43.5765865
1480.5,-43.6584949
1481.0,-43.7401991
1481.5,-43.8216987
1482.0,-43.9029938
1482.5,-43.9840841
1483.0,-44.0649715
1483.5,-44.145653
1484.0,-44.2261314
1484.5,-44.3064067
1485.0,-44.3864775
1485.5,-44.4663454
1486.0,-44.546009
1486.5,-44.6254695
1487.0,-44.7047276
1487.5,-44.7837824
1488.0,-44.8626343
1488.5,-44.9412845
1489.0,-45.0197308
1489.5,-45.0979759
1490.0,-45.1760191
1490.5,-45.2538601
1491.0,-45.3314999
1491.5,-45.408937
1492.0,-45.4861743
1492.5,-45.5632088
1493.0,-45.6400429
1493.5,-45.7166761
1494.0,-45.7931089
1494.5,-45.8693427
1495.0,-45.9453735
1495.5,-46.0212067
1496.0,-46.0968382
1496.5,-46.1722712
1497.0,-46.2475041
1497.5,-46.3225388
1498.0,-46.3973738
1498.5,-46.4720102
1499.0,-46.5464466
1499.5,-46.6206869
1500.0,-46.6947276
1500.5,-46.7685706
1501.0,-46.8422156
1501.5,-46.9156638
1502.0,-46.988914
1502.5,-47.0619674
1503.0,-47.1348246
1503.5,-47.207484
1504.0,-47.2799478
1504.5,-47.3522145
1505.0,-47.4242867
1505.5,-47.4961617
1506.0,-47.5678425
1506.5,-47.6393269
1507.0,-47.7106168
1507.5,-47.7817126
1508.0,-47.8526132
1508.5,-47.9233196
1509.0,-47.9938317
1509.5,-48.0641504
1510.0,-48.1342752
1510.5,-48.2042069
1511.0,-48.2739467
1511.5,-48.3434926
1512.0,-48.4128463
1512.5,-48.4820078
1513.0,-48.5509773
1513.5,-48.619755
1514.0,-48.6881319
1514.5,-48.6447027
1515.0,-48.1923552
1515.5,-47.277796
1516.0,-45.9019547
1516.5,-44.1657535
1517.0,-42.3759039
1517.5,-40.5904021
1518.0,-38.8090504
1518.5,-37.0316577
1519.0,-35.2580344
1519.5,-33.487993
1520.0,-31.7213477
1520.5,-29.9579121
1521.0,-28.1975025
1521.5,-26.439937
1522.0,-24.6850339
1522.5,-22.9326126
1523.0,-21.1824934
1523.5,-19.4344996
1524.0,-17.6884514
1524.5,-15.9441739
1525.0,-14.2014894
1525.5,-12.4602239
1526.0,-10.7202016
1526.5,-8.9812486
1527.0,-7.24319095
1527.5,-5.50585465
1528.0,-3.76906686
1528.5,-2.03265438
1529.0,-0.3157477948
1529.5,1.162174186
1530.0,2.55804398
1530.5,3.9537121
1531.0,5.34906401
1531.5,6.74398796
1532.0,8.13837268
1532.5,9.5321072
1533.0,10.9250796
1533.5,12.31718015
1534.0,13.70829805
1534.5,15.09832265
1535.0,16.4871445
1535.5,17.8746545
1536.0,19.2607426
1536.5,20.6453019
1537.0,22.0281777
1537.5,23.3955047
1538.0,24.7169501
1538.5,25.9929746
1539.0,27.2281597
1539.5,28.4264798
1540.0,29.5922786
1540.5,30.7263434
1541.0,31.827363
1541.5,32.8963467
1542.0,33.9351324
1542.5,34.9468182
1543.0,35.9331688
1543.5,36.8957695
1544.0,37.8360238
1544.5,38.7551256
1545.0,39.654204
1545.5,40.5341859
1546.0,41.3950218
1546.5,42.2371806
1547.0,43.0615704
1547.5,43.8690307
1548.0,44.6603293
1548.5,45.4361685
1549.0,46.1971413
1549.5,46.9438114
1550.0,47.6767468
1550.5,48.3964785
1551.0,49.1034994
1551.5,49.7982713
1552.0,50.4811959
1552.5,51.1523525
1553.0,51.8119182
1553.5,52.4602794
1554.0,53.0978002
1554.5,53.724826
1555.0,54.3416824
1555.5,54.9486771
1556.0,55.5460975
1556.5,56.1341879
1557.0,56.7131621
1557.5,57.2832698
1558.0,57.8447516
1558.5,58.3978376
1559.0,58.9427458
1559.5,59.4796855
1560.0,60.0088556
1560.5,60.5304358
1561.0,61.044482
1561.5,61.5510848
1562.0,62.0504202
1562.5,62.5426575
1563.0,63.0279589
1563.5,63.5064801
1564.0,63.9783728
1564.5,64.4437776
1565.0,64.9028375
1565.5,65.3556816
1566.0,65.8024393
1566.5,66.2432379
1567.0,66.678192
1567.5,67.1074206
1568.0,67.5310319
1568.5,67.9491354
1569.0,68.3618355
1569.5,68.7692345
1570.0,69.1714271
1570.5,69.5685093
1571.0,69.960566
1571.5,70.3476515
1572.0,70.7298215
1572.5,71.1071035
1573.0,71.4795659
1573.5,71.8472969
1574.0,72.2103745
1574.5,72.5688832
1575.0,72.922899
1575.5,73.2724935
1576.0,73.6177438
1576.5,73.9587218
1577.0,74.2954885
1577.5,74.6281315
1578.0,74.956695
1578.5,75.2812475
1579.0,75.6018565
1579.5,75.9185789
1580.0,76.2314789
1580.5,76.540617
1581.0,76.846041
1581.5,77.147815
1582.0,77.4459899
1582.5,77.7406211
1583.0,78.031759
1583.5,78.319457
1584.0,78.6037605
1584.5,78.8847217
1585.0,79.1623888
1585.5,79.4368034
1586.0,79.7080188
1586.5,79.9760726
1587.0,80.2410126
1587.5,80.5028814
1588.0,80.7617116
1588.5,81.0175196
1589.0,81.2703432
1589.5,81.5202231
1590.0,81.7671976
1590.5,82.011306
1591.0,82.2525918
1591.5,82.4910825
1592.0,82.7268236
1592.5,82.9598475
1593.0,83.1901929
1593.5,83.417893
1594.0,83.6429804
1594.5,83.8654901
1595.0,84.085459
1595.5,84.3029121
1596.0,84.5178891
1596.5,84.7304164
1597.0,84.9405262
1597.5,85.1482518
1598.0,85.3536181
1598.5,85.5566584
1599.0,85.7574014
1599.5,85.9558736
1600.0,86.152103
1600.5,86.3461195
1601.0,86.5379477
1601.5,86.7276183
1602.0,86.9151519
1602.5,87.1005782
1603.0,87.2839229
1603.5,87.4652106
1604.0,87.6444641
1604.5,87.8217078
1605.0,87.9969691
1605.5,88.1702687
1606.0,88.3416284
1606.5,88.5110744
1607.0,88.6786273
1607.5,88.8443071
1608.0,89.008142
1608.5,89.1701454
1609.0,89.3303478
1609.5,89.488763
1610.0,89.645414
1610.5,89.8003206
1611.0,89.953502
1611.5,90.1049809
1612.0,90.2547755
1612.5,90.4028953
1613.0,90.5493492
1613.5,90.69415
1614.0,90.8373191
1614.5,90.9788586
1615.0,91.118796
1615.5,91.2571447
1616.0,91.393923
1616.5,91.5291486
1617.0,91.6628442
1617.5,91.795024
1618.0,91.9257046
1618.5,92.0549051
1619.0,92.1826425
1619.5,92.308933
1620.0,92.4337901
1620.5,92.5572354
1621.0,92.67928
1621.5,92.7999436
1622.0,92.9192369
1622.5,93.0371814
1623.0,93.1537895
1623.5,93.269076
1624.0,93.3830545
1624.5,93.4957421
1625.0,93.6071536
1625.5,93.7172995
1626.0,93.8261976
1626.5,93.933859
1627.0,94.0403
1627.5,94.145531
1628.0,94.2495704
1628.5,94.3524276
1629.0,94.4541129
1629.5,94.5546495
1630.0,94.654039
1630.5,94.7522971
1631.0,94.8494408
1631.5,94.9454764
1632.0,95.04042
1632.5,95.1342821
1633.0,95.2270734
1633.5,95.3188096
1634.0,95.409499
1634.5,95.4991511
1635.0,95.587782
1635.5,95.6753994
1636.0,95.7620145
1636.5,95.8476395
1637.0,95.9322847
1637.5,96.0159595
1638.0,96.0986784
1638.5,96.1804449
1639.0,96.2612752
1639.5,96.3411758
1640.0,96.4201361
1640.5,96.4981561
1641.0,96.575249
1641.5,96.6514194
1642.0,96.7266806
1642.5,96.801046
1643.0,96.8745169
1643.5,96.9471079
1644.0,97.0188279
1644.5,97.089685
1645.0,97.159689
1645.5,97.2288535
1646.0,97.2971798
1646.5,97.3646826
1647.0,97.4313695
1647.5,97.4972471
1648.0,97.5623246
1648.5,97.626613
1649.0,97.6901196
1649.5,97.752849
1650.0,97.8148135
1650.5,97.876022
1651.0,97.936483
1651.5,97.9961964
1652.0,98.055181
1652.5,98.1134384
1653.0,98.1709774
1653.5,98.2278044
1654.0,98.283933
1654.5,98.3393601
1655.0,98.3941016
1655.5,98.4481623
1656.0,98.5015488
1656.5,98.554269
1657.0,98.6063285
1657.5,98.6577355
1658.0,98.7084959
1658.5,98.7586176
1659.0,98.8081082
1659.5,98.8569725
1660.0,98.9052182
1660.5,98.9528511
1661.0,98.9998781
1661.5,99.0463019
1662.0,99.0921355
1662.5,99.1373826
1663.0,99.182047
1663.5,99.226136
1664.0,99.269658
1664.5,99.3126145
1665.0,99.3550175
1665.5,99.3967064
1666.0,99.3561071
1666.5,99.0232979
1667.0,98.3678814
1667.5,97.3931144
1668.0,96.1022718
1668.5,94.4987814
1669.0,92.6675454
1669.5,90.8217906
1670.0,88.9951351
1670.5,87.1874685
1671.0,85.3986595
1671.5,83.6286611
1672.0,81.8775219
1672.5,80.145278
1673.0,78.431856
1673.5,76.7372712
1674.0,75.0616362
1674.5,73.4052715
1675.0,71.8496771
1675.5,70.604762
1676.0,69.7002399
1676.5,69.1320558
1677.0,68.8962255
1677.5,68.9885517
1678.0,69.323438
1678.5,69.6873989
1679.0,70.046811
1679.5,70.4017486
1680.0,70.752273
1680.5,71.0984027
1681.0,71.4402026
1681.5,71.7777439
1682.0,72.1110972
1682.5,72.440332
1683.0,72.7655166
1683.5,73.0867124
1684.0,73.4039863
1684.5,73.7173924
1685.0,74.0269979
1685.5,74.3328575
1686.0,74.635038
1686.5,74.9335784
1687.0,75.2285399
1687.5,75.519978
1688.0,75.807943
1688.5,76.0924865
1689.0,76.3736583
1689.5,76.6515077
1690.0,76.9260804
1690.5,77.1974254
1691.0,77.4655906
1691.5,77.7306166
1692.0,77.9925476
1692.5,78.2514297
1693.0,78.5073044
1693.5,78.7602096
1694.0,79.0101869
1694.5,79.257277
1695.0,79.5015196
1695.5,79.7429502
1696.0,79.9816085
1696.5,80.2175276
1697.0,80.4507481
1697.5,80.681301
1698.0,80.9091985
1698.5,81.1344714
1699.0,81.3571476
1699.5,81.5772621
1700.0,81.7948514
1700.5,82.0099455
1701.0,82.2225785
1701.5,82.4327763
1702.0,82.6405765
1702.5,82.8460075
1703.0,83.0490927
1703.5,83.2498704
1704.0,83.448363
1704.5,83.6446045
1705.0,83.8386166
1705.5,84.0304314
1706.0,84.2200751
1706.5,84.4075715
1707.0,84.5929476
1707.5,84.77623
1708.0,84.9574456
1708.5,85.1366159
1709.0,85.3137684
1709.5,85.4889235
1710.0,85.6621062
1710.5,85.8333345
1711.0,86.0026112
1711.5,86.169957
1712.0,86.3354
1712.5,86.4989574
1713.0,86.6606537
1713.5,86.8205126
1714.0,86.9785545
1714.5,87.1348011
1715.0,87.2892695
1715.5,87.4419191
1716.0,87.5927576
1716.5,87.741813
1717.0,87.8891125
1717.5,88.0346879
1718.0,88.1785596
1718.5,88.3207295
1719.0,88.46121
1719.5,88.6000263
1720.0,88.7372007
1720.5,88.8727531
1721.0,89.006711
1721.5,89.1390896
1722.0,89.2698953
1722.5,89.3990327
1723.0,89.4679669
1723.5,89.3261439
1724.0,88.9518293
1724.5,88.3474306
1725.0,87.5153719
1725.5,86.4582323
1726.0,85.2374121
1726.5,84.0055245
1727.0,82.7864936
1727.5,81.5802818
1728.0,80.386869
1728.5,79.2061455
1729.0,78.0380489
1729.5,76.8825799
1730.0,75.7397411
1730.5,74.6095395
1731.0,73.4919946
1731.5,72.3872294
1732.0,71.3538301
1732.5,70.5422725
1733.0,69.9738819
1733.5,69.6457714
1734.0,69.5551214
1734.5,69.6989366
1735.0,70.0158574
1735.5,70.3527974
1736.0,70.6856294
1736.5,71.014365
1737.0,71.339064
1737.5,71.6597792
1738.0,71.9765875
1738.5,72.2895443
1739.0,72.5987085
1739.5,72.9041449
1740.0,73.2059085
1740.5,73.5040525
1741.0,73.7986333
1741.5,74.089709
1742.0,74.3773264
1742.5,74.661538
1743.0,74.9423961
1743.5,75.219946
1744.0,75.4942417
1744.5,75.765328
1745.0,76.033249
1745.5,76.2980541
1746.0,76.5597849
1746.5,76.8183446
1747.0,77.0039439
1747.5,76.93705
1748.0,76.5918145
1748.5,75.9712997
1749.0,75.0785971
1749.5,73.916974
1750.0,72.5594874
1750.5,71.1889781
1751.0,69.8343475
1751.5,68.4954828
1752.0,67.1724434
1752.5,65.8653506
1753.0,64.5743282
1753.5,63.2995133
1754.0,62.0409456
1754.5,60.7986789
1755.0,59.5727184
1755.5,58.3629136
1756.0,57.1693958
1756.5,55.9923399
1757.0,54.8319319
1757.5,53.688365
1758.0,52.561843
1758.5,51.4525731
1759.0,50.3607542
1759.5,49.2861504
1760.0,48.2284605
1760.5,47.187852
1761.0,46.1645435
1761.5,45.1588895
1762.0,44.2408534
1762.5,43.5890412
1763.0,43.2271526
1763.5,43.1498143
1764.0,43.3515953
1764.5,43.8251738
1765.0,44.4720624
1765.5,45.0931772
1766.0,45.6594983
1766.5,46.1711516
1767.0,46.628266
1767.5,47.0309752
1768.0,47.3794152
1768.5,47.6737259
1769.0,47.9140479
1769.5,48.1005277
1770.0,48.2333097
1770.5,48.3130098
1771.0,48.3610311
1771.5,48.4067946
1772.0,48.4524299
1772.5,48.4979391
1773.0,48.5433221
1773.5,48.588578
1774.0,48.6337092
1774.5,48.6787145
1775.0,48.7235944
1775.5,48.7683484
1776.0,48.8129785
1776.5,48.8574414
1777.0,48.880231
1777.5,48.8257576
1778.0,48.6854152
1778.5,48.4594404
1779.0,48.1480721
1779.5,47.75162
1780.0,47.3133272
1780.5,46.9446009
1781.0,46.6628942
1781.5,46.4679672
1782.0,46.3595853
1782.5,46.3374788
1783.0,46.3799069
1783.5,46.4310469
1784.0,46.4820497
1784.5,46.5329156
1785.0,46.5836482
1785.5,46.6342449
1786.0,46.6847052
1786.5,46.735032
1787.0,46.7852236
1787.5,46.8352818
1788.0,46.8852039
1788.5,46.9349931
1789.0,46.9846482
1789.5,47.0341698
1790.0,47.0835578
1790.5,47.1328124
1791.0,47.1819347
1791.5,47.2309247
1792.0,47.2797808
1792.5,47.3285058
1793.0,47.3770978
1793.5,47.4255591
1794.0,47.473888
1794.5,47.5220866
1795.0,47.5701534
1795.5,47.6180886
1796.0,47.6658933
1796.5,47.7135685
1797.0,47.7611127
1797.5,47.8085262
1798.0,47.8558116
1798.5,47.9029659
1799.0,47.9499909
1799.5,47.9968887
1800.0,48.041321777778
