ICE_in_ice_sp,ICE_in_mf,ICE_in_T_amb_K,ICE_in_p_amb_bar,PG_in_ice_sp,PG_in_em2_torque_soll,PG_in_torque_ICE,PG_in_brk
2500.0,30.0,298.0,1.0,2500.0,0.0,NaN,0.0
3547.78,21.832779,298.0,1.0,3547.78,0.0,NaN,6.540683
3981.2415,7.3212905,298.0,1.0,3981.2415,0.0,NaN,6.7770095
4162.1553,11.372023,298.0,1.0,4162.1553,0.0,NaN,11.65691
3737.9062,10.396835,298.0,1.0,3737.9062,0.0,NaN,15.929445
4012.8542,15.056458,298.0,1.0,4012.8542,0.0,NaN,15.382567
4209.463,13.056585,298.0,1.0,4209.463,0.0,NaN,9.372648
4010.1223,13.981829,298.0,1.0,4010.1223,0.0,NaN,11.499333
4436.998,10.191058,298.0,1.0,4436.998,0.0,NaN,11.31959
4293.9473,9.830675,298.0,1.0,4293.9473,0.0,NaN,11.072853
4357.5547,8.984019,298.0,1.0,4357.5547,0.0,NaN,3.876853
3638.1702,12.061185,298.0,1.0,3638.1702,0.0,NaN,4.235044
4173.565,10.432431,298.0,1.0,4173.565,0.0,NaN,5.9101253
3858.558,8.585185,298.0,1.0,3858.558,0.0,NaN,3.3943832
4230.2085,6.398458,298.0,1.0,4230.2085,0.0,NaN,4.405755
4205.699,11.428034,298.0,1.0,4205.699,0.0,NaN,7.579437
3990.332,13.205702,298.0,1.0,3990.332,0.0,NaN,15.652722
4258.4585,5.4880433,298.0,1.0,4258.4585,0.0,NaN,15.784717
4119.7812,10.5619335,298.0,1.0,4119.7812,0.0,NaN,7.4676304
4021.0813,11.528077,298.0,1.0,4021.0813,0.0,NaN,11.311966
4176.7114,13.107028,298.0,1.0,4176.7114,0.0,NaN,5.924478
4246.884,11.768844,298.0,1.0,4246.884,0.0,NaN,13.81664
4204.3125,11.285441,298.0,1.0,4204.3125,0.0,NaN,9.525004
3896.741,11.758501,298.0,1.0,3896.741,0.0,NaN,10.360325
4109.46,10.687567,298.0,1.0,4109.46,0.0,NaN,9.197807
4500.0,12.443669,298.0,1.0,4500.0,0.0,NaN,10.365266
4500.0,12.35611,298.0,1.0,4500.0,0.0,NaN,17.299664
3987.036,10.389186,298.0,1.0,3987.036,0.0,NaN,19.130745
4333.4126,20.412622,298.0,1.0,4333.4126,0.0,NaN,13.087362
4386.3823,11.487873,298.0,1.0,4386.3823,0.0,NaN,14.531666
4453.4023,14.228613,298.0,1.0,4453.4023,0.0,NaN,6.6143603
4500.0,9.341205,298.0,1.0,4500.0,0.0,NaN,2.4313898
4203.5244,8.47601,298.0,1.0,4203.5244,0.0,NaN,4.262051
4258.579,3.7395804,298.0,1.0,4258.579,0.0,NaN,11.552623
4491.946,6.8185196,298.0,1.0,4491.946,0.0,NaN,12.251407
4257.303,10.320785,298.0,1.0,4257.303,0.0,NaN,9.870184
4110.7183,13.926117,298.0,1.0,4110.7183,0.0,NaN,10.693926
4406.742,14.782741,298.0,1.0,4406.742,0.0,NaN,1.1458069
4085.4504,8.590139,298.0,1.0,4085.4504,0.0,NaN,8.684317
4189.6816,9.047248,298.0,1.0,4189.6816,0.0,NaN,12.40209
4049.6125,10.252806,298.0,1.0,4049.6125,0.0,NaN,5.6400566
4133.7,14.190268,298.0,1.0,4133.7,0.0,NaN,3.7794085
3969.2444,11.451639,298.0,1.0,3969.2444,0.0,NaN,7.0716143
3863.1814,13.364124,298.0,1.0,3863.1814,0.0,NaN,11.818698
3940.1633,12.594101,298.0,1.0,3940.1633,0.0,NaN,9.306034
3795.6619,13.023859,298.0,1.0,3795.6619,0.0,NaN,9.133789
4036.9832,10.049098,298.0,1.0,4036.9832,0.0,NaN,0.20343661
4151.0063,12.974248,298.0,1.0,4151.0063,0.0,NaN,8.150387
4217.764,11.797216,298.0,1.0,4217.764,0.0,NaN,10.704631
4451.282,11.209325,298.0,1.0,4451.282,0.0,NaN,2.6445718
4500.0,19.532446,298.0,1.0,4500.0,0.0,NaN,5.1145406
3980.5132,17.804623,298.0,1.0,3980.5132,0.0,NaN,6.7842574
4106.737,17.501488,298.0,1.0,4106.737,0.0,NaN,4.961994
4179.2993,15.527345,298.0,1.0,4179.2993,0.0,NaN,6.620532
4027.544,23.371325,298.0,1.0,4027.544,0.0,NaN,2.5450559
4218.404,15.7184305,298.0,1.0,4218.404,0.0,NaN,2.87638
4101.3423,7.8450694,298.0,1.0,4101.3423,0.0,NaN,4.914543
4013.5708,11.048367,298.0,1.0,4013.5708,0.0,NaN,5.6061926
4125.7783,11.09792,298.0,1.0,4125.7783,0.0,NaN,0.56823194
3915.4165,11.035441,298.0,1.0,3915.4165,0.0,NaN,1.4354646
4384.182,15.607293,298.0,1.0,4384.182,0.0,NaN,0.0
4160.238,8.050304,298.0,1.0,4160.238,0.0,NaN,12.241825
3978.4553,7.712563,298.0,1.0,3978.4553,0.0,NaN,3.4545898
4148.4917,11.0441675,298.0,1.0,4148.4917,0.0,NaN,11.023847
4207.7793,9.233294,298.0,1.0,4207.7793,0.0,NaN,0.88275075
4197.08,13.204298,298.0,1.0,4197.08,0.0,NaN,5.8963895
4265.075,9.804156,298.0,1.0,4265.075,0.0,NaN,10.40259
3943.6394,10.28714,298.0,1.0,3943.6394,0.0,NaN,10.245639
4410.345,8.70916,298.0,1.0,4410.345,0.0,NaN,0.0
3897.3132,11.386124,298.0,1.0,3897.3132,0.0,NaN,10.506762
4026.9834,6.7348437,298.0,1.0,4026.9834,0.0,NaN,11.199769
4261.737,10.142631,298.0,1.0,4261.737,0.0,NaN,3.0911713
3780.87,3.3257926,298.0,1.0,3780.87,0.0,NaN,9.215006
4340.3315,8.041372,298.0,1.0,4340.3315,0.0,NaN,7.9809694
4100.6494,10.281227,298.0,1.0,4100.6494,0.0,NaN,1.202488
4161.2026,11.08664,298.0,1.0,4161.2026,0.0,NaN,0.04915893
3785.3154,7.8068337,298.0,1.0,3785.3154,0.0,NaN,14.467469
4238.23,11.022052,298.0,1.0,4238.23,0.0,NaN,6.766176
4054.4912,8.223801,298.0,1.0,4054.4912,0.0,NaN,0.0
3944.0725,10.256695,298.0,1.0,3944.0725,0.0,NaN,0.5748838
3950.668,6.91317,298.0,1.0,3950.668,0.0,NaN,10.66739
4341.163,8.9167,298.0,1.0,4341.163,0.0,NaN,4.934633
4500.0,14.772372,298.0,1.0,4500.0,0.0,NaN,14.763352
3954.0398,7.104611,298.0,1.0,3954.0398,0.0,NaN,7.492545
4127.103,6.0471067,298.0,1.0,4127.103,0.0,NaN,3.5562217
4500.0,11.465243,298.0,1.0,4500.0,0.0,NaN,11.169744
4100.157,11.158184,298.0,1.0,4100.157,0.0,NaN,11.648425
4055.6199,5.6818805,298.0,1.0,4055.6199,0.0,NaN,7.489872
4128.0254,12.478605,298.0,1.0,4128.0254,0.0,NaN,12.823945
4068.0137,9.702134,298.0,1.0,4068.0137,0.0,NaN,14.407507
4136.739,14.636648,298.0,1.0,4136.739,0.0,NaN,10.132074
4340.779,14.106819,298.0,1.0,4340.779,0.0,NaN,0.8470297
4262.5127,7.476936,298.0,1.0,4262.5127,0.0,NaN,0.0
3890.4888,11.051598,298.0,1.0,3890.4888,0.0,NaN,12.673799
3738.9734,9.318871,298.0,1.0,3738.9734,0.0,NaN,14.268589
4104.9277,12.683534,298.0,1.0,4104.9277,0.0,NaN,12.245527
3722.2473,16.205269,298.0,1.0,3722.2473,0.0,NaN,11.975137
3959.0078,15.997321,298.0,1.0,3959.0078,0.0,NaN,16.536612
4066.257,17.226114,298.0,1.0,4066.257,0.0,NaN,6.42384
4253.6177,11.178022,298.0,1.0,4253.6177,0.0,NaN,3.3277183
3877.663,12.598238,298.0,1.0,3877.663,0.0,NaN,2.8493433
4109.873,18.611227,298.0,1.0,4109.873,0.0,NaN,5.797723
4486.0464,10.899709,298.0,1.0,4486.0464,0.0,NaN,4.43427
4252.375,8.397761,298.0,1.0,4252.375,0.0,NaN,17.649307
4102.0903,3.4842272,298.0,1.0,4102.0903,0.0,NaN,0.0
3937.1074,8.694201,298.0,1.0,3937.1074,0.0,NaN,10.076857
4230.666,16.483639,298.0,1.0,4230.666,0.0,NaN,1.4204711
3965.3726,14.212096,298.0,1.0,3965.3726,0.0,NaN,14.309451
4051.7808,16.870207,298.0,1.0,4051.7808,0.0,NaN,4.374713
4136.214,9.9363575,298.0,1.0,4136.214,0.0,NaN,6.6885443
4026.0676,9.259624,298.0,1.0,4026.0676,0.0,NaN,9.876856
4323.9736,4.9064245,298.0,1.0,4323.9736,0.0,NaN,1.6014278
4109.7905,7.451677,298.0,1.0,4109.7905,0.0,NaN,17.176336
4122.6255,10.055133,298.0,1.0,4122.6255,0.0,NaN,9.285694
4219.4746,8.017869,298.0,1.0,4219.4746,0.0,NaN,6.391597
3909.929,4.3686423,298.0,1.0,3909.929,0.0,NaN,6.5330954
4070.136,6.399121,298.0,1.0,4070.136,0.0,NaN,4.2471766
4350.8267,7.4301677,298.0,1.0,4350.8267,0.0,NaN,7.735321
4122.565,12.136497,298.0,1.0,4122.565,0.0,NaN,11.935759
3864.0251,12.413832,298.0,1.0,3864.0251,0.0,NaN,12.8127575
4191.1704,7.667081,298.0,1.0,4191.1704,0.0,NaN,11.47064
4060.166,11.096091,298.0,1.0,4060.166,0.0,NaN,8.280566
4500.0,9.181833,298.0,1.0,4500.0,0.0,NaN,12.19472
4051.3562,9.561091,298.0,1.0,4051.3562,0.0,NaN,3.1648278
4336.1265,7.552016,298.0,1.0,4336.1265,0.0,NaN,2.8729856
4140.548,9.020725,298.0,1.0,4140.548,0.0,NaN,19.66007
4248.7935,11.486179,298.0,1.0,4248.7935,0.0,NaN,5.382931
3905.9612,10.476438,298.0,1.0,3905.9612,0.0,NaN,19.799072
3914.985,5.5503683,298.0,1.0,3914.985,0.0,NaN,4.2561293
4190.6377,10.395753,298.0,1.0,4190.6377,0.0,NaN,1.5677482
4109.14,8.028765,298.0,1.0,4109.14,0.0,NaN,9.413272
4205.842,7.004262,298.0,1.0,4205.842,0.0,NaN,15.097112
4498.023,7.3796396,298.0,1.0,4498.023,0.0,NaN,4.64963
4019.4421,13.60381,298.0,1.0,4019.4421,0.0,NaN,3.6624074
4024.4666,19.739594,298.0,1.0,4024.4666,0.0,NaN,9.790668
3944.805,23.371262,298.0,1.0,3944.805,0.0,NaN,7.67276
4199.014,19.023901,298.0,1.0,4199.014,0.0,NaN,9.94454
4192.0093,8.865823,298.0,1.0,4192.0093,0.0,NaN,2.846518
4075.4036,9.986505,298.0,1.0,4075.4036,0.0,NaN,0.0
4320.2925,10.818181,298.0,1.0,4320.2925,0.0,NaN,10.208652
4104.9766,13.091956,298.0,1.0,4104.9766,0.0,NaN,0.0600636
4095.786,8.5029545,298.0,1.0,4095.786,0.0,NaN,11.898581
4162.604,9.699942,298.0,1.0,4162.604,0.0,NaN,7.812005
4228.724,9.489843,298.0,1.0,4228.724,0.0,NaN,15.046417
3932.4165,8.443933,298.0,1.0,3932.4165,0.0,NaN,20.051632
3988.424,11.498252,298.0,1.0,3988.424,0.0,NaN,9.1380205
4500.0,5.8849826,298.0,1.0,4500.0,0.0,NaN,7.513857
4045.992,10.125021,298.0,1.0,4045.992,0.0,NaN,2.5208414
4500.0,7.4339056,298.0,1.0,4500.0,0.0,NaN,4.743114
4434.0566,10.211372,298.0,1.0,4434.0566,0.0,NaN,11.380068
3964.7676,12.096342,298.0,1.0,3964.7676,0.0,NaN,16.792202
4500.0,5.895795,298.0,1.0,4500.0,0.0,NaN,18.426937
4247.076,11.498409,298.0,1.0,4247.076,0.0,NaN,11.583951
3814.5168,13.944868,298.0,1.0,3814.5168,0.0,NaN,13.7922735
4102.838,6.800339,298.0,1.0,4102.838,0.0,NaN,0.9537101
4037.643,9.962761,298.0,1.0,4037.643,0.0,NaN,0.0
4374.0527,10.828111,298.0,1.0,4374.0527,0.0,NaN,0.99882483
4042.342,4.8742046,298.0,1.0,4042.342,0.0,NaN,10.707456
3981.4,9.295385,298.0,1.0,3981.4,0.0,NaN,8.909267
4308.0747,6.9220815,298.0,1.0,4308.0747,0.0,NaN,15.963448
3946.8064,6.1903443,298.0,1.0,3946.8064,0.0,NaN,7.3207884
4149.2876,8.2671175,298.0,1.0,4149.2876,0.0,NaN,7.967517
4153.8477,8.538154,298.0,1.0,4153.8477,0.0,NaN,4.713109
4138.1465,7.301593,298.0,1.0,4138.1465,0.0,NaN,2.7232409
4011.3762,7.1625566,298.0,1.0,4011.3762,0.0,NaN,1.5759945
3856.4346,8.996695,298.0,1.0,3856.4346,0.0,NaN,15.828716
4212.333,9.003787,298.0,1.0,4212.333,0.0,NaN,11.916762
4129.154,11.500624,298.0,1.0,4129.154,0.0,NaN,0.0
4211.6367,12.488665,298.0,1.0,4211.6367,0.0,NaN,5.136922
4075.947,9.439241,298.0,1.0,4075.947,0.0,NaN,8.408091
4417.161,9.552909,298.0,1.0,4417.161,0.0,NaN,2.1639614
4197.2314,10.2735615,298.0,1.0,4197.2314,0.0,NaN,1.5475422
4136.0947,8.56654,298.0,1.0,4136.0947,0.0,NaN,11.668974
4189.673,10.4957285,298.0,1.0,4189.673,0.0,NaN,8.378037
3781.6257,15.030557,298.0,1.0,3781.6257,0.0,NaN,6.5790324
4005.848,3.7202716,298.0,1.0,4005.848,0.0,NaN,11.446002
4201.3857,13.82687,298.0,1.0,4201.3857,0.0,NaN,5.2410097
4319.324,7.557411,298.0,1.0,4319.324,0.0,NaN,6.8631144
4368.9873,6.296953,298.0,1.0,4368.9873,0.0,NaN,10.139945
4172.362,10.974882,298.0,1.0,4172.362,0.0,NaN,13.13431
3934.091,10.737747,298.0,1.0,3934.091,0.0,NaN,16.388449
3820.1821,8.182619,298.0,1.0,3820.1821,0.0,NaN,14.905516
4330.1465,10.443761,298.0,1.0,4330.1465,0.0,NaN,11.821586
4230.2954,14.269928,298.0,1.0,4230.2954,0.0,NaN,15.094781
4116.5566,7.6419077,298.0,1.0,4116.5566,0.0,NaN,11.654171
4425.522,13.564554,298.0,1.0,4425.522,0.0,NaN,0.0
3807.192,11.538792,298.0,1.0,3807.192,0.0,NaN,2.1489322
4425.625,17.469118,298.0,1.0,4425.625,0.0,NaN,9.846684
4169.146,16.321293,298.0,1.0,4169.146,0.0,NaN,15.881595
4413.957,10.136061,298.0,1.0,4413.957,0.0,NaN,3.119269
4248.2207,12.359642,298.0,1.0,4248.2207,0.0,NaN,7.348299
4228.489,10.036523,298.0,1.0,4228.489,0.0,NaN,5.509239
4315.3784,10.960617,298.0,1.0,4315.3784,0.0,NaN,7.5841784
4179.2896,8.979003,298.0,1.0,4179.2896,0.0,NaN,4.0664196
4187.2407,9.01668,298.0,1.0,4187.2407,0.0,NaN,8.499908
3977.0532,13.43783,298.0,1.0,3977.0532,0.0,NaN,3.473988
4111.3867,15.929258,298.0,1.0,4111.3867,0.0,NaN,0.0
4059.7837,16.093971,298.0,1.0,4059.7837,0.0,NaN,1.1563331
4357.5234,13.578845,298.0,1.0,4357.5234,0.0,NaN,11.410832
4277.8003,10.065004,298.0,1.0,4277.8003,0.0,NaN,10.096714
4500.0,5.757312,298.0,1.0,4500.0,0.0,NaN,7.2517605
3941.315,13.038012,298.0,1.0,3941.315,0.0,NaN,11.716026
3715.8433,11.197666,298.0,1.0,3715.8433,0.0,NaN,11.775512
3936.3186,17.03336,298.0,1.0,3936.3186,0.0,NaN,7.548654
3932.8005,16.776495,298.0,1.0,3932.8005,0.0,NaN,0.0
4098.7676,11.372596,298.0,1.0,4098.7676,0.0,NaN,4.705882
4275.765,11.109641,298.0,1.0,4275.765,0.0,NaN,8.589739
4486.3145,6.0742707,298.0,1.0,4486.3145,0.0,NaN,7.27697
4091.2954,10.056147,298.0,1.0,4091.2954,0.0,NaN,4.6976
4267.895,9.171553,298.0,1.0,4267.895,0.0,NaN,4.6895533
3923.974,14.973746,298.0,1.0,3923.974,0.0,NaN,7.038364
4322.994,6.592515,298.0,1.0,4322.994,0.0,NaN,16.51489
4092.1484,11.15087,298.0,1.0,4092.1484,0.0,NaN,9.086326
3989.2827,13.093672,298.0,1.0,3989.2827,0.0,NaN,9.207911
4402.3896,11.279957,298.0,1.0,4402.3896,0.0,NaN,0.0
4500.0,10.071122,298.0,1.0,4500.0,0.0,NaN,9.238964
4370.825,10.97821,298.0,1.0,4370.825,0.0,NaN,6.186289
3762.919,9.09537,298.0,1.0,3762.919,0.0,NaN,5.042145
3940.953,13.165439,298.0,1.0,3940.953,0.0,NaN,0.6635785
4343.013,14.412766,298.0,1.0,4343.013,0.0,NaN,2.5888145
3882.984,13.375178,298.0,1.0,3882.984,0.0,NaN,3.8780153
3678.3293,13.258094,298.0,1.0,3678.3293,0.0,NaN,10.581368
4098.8594,7.9416285,298.0,1.0,4098.8594,0.0,NaN,12.320319
4272.7827,3.0,298.0,1.0,4272.7827,0.0,NaN,5.523744
4488.8037,8.962169,298.0,1.0,4488.8037,0.0,NaN,4.9751134
4263.981,9.253491,298.0,1.0,4263.981,0.0,NaN,5.2984056
4189.071,8.976982,298.0,1.0,4189.071,0.0,NaN,8.544246
4360.6035,12.713393,298.0,1.0,4360.6035,0.0,NaN,5.284792
4291.346,6.3243284,298.0,1.0,4291.346,0.0,NaN,4.5143037
4500.0,6.277069,298.0,1.0,4500.0,0.0,NaN,0.0
4392.1616,6.283788,298.0,1.0,4392.1616,0.0,NaN,8.954629
4287.055,11.031534,298.0,1.0,4287.055,0.0,NaN,0.0
4278.2915,19.320868,298.0,1.0,4278.2915,0.0,NaN,6.983227
4132.2114,14.175352,298.0,1.0,4132.2114,0.0,NaN,6.6264243
4323.593,7.526084,298.0,1.0,4323.593,0.0,NaN,8.052084
4018.3738,11.409418,298.0,1.0,4018.3738,0.0,NaN,4.88103
4307.8823,3.0,298.0,1.0,4307.8823,0.0,NaN,13.386586
3890.5356,5.9681053,298.0,1.0,3890.5356,0.0,NaN,0.0
4500.0,14.565285,298.0,1.0,4500.0,0.0,NaN,0.0
3918.1848,7.0370407,298.0,1.0,3918.1848,0.0,NaN,13.058186
4011.475,6.7890153,298.0,1.0,4011.475,0.0,NaN,3.73497
4183.9414,9.28219,298.0,1.0,4183.9414,0.0,NaN,3.3726335
4311.838,8.265403,298.0,1.0,4311.838,0.0,NaN,5.830452
4487.0225,12.899311,298.0,1.0,4487.0225,0.0,NaN,11.160159
4023.3242,8.158914,298.0,1.0,4023.3242,0.0,NaN,2.0379007
3827.3586,12.441807,298.0,1.0,3827.3586,0.0,NaN,0.0
4055.138,8.198376,298.0,1.0,4055.138,0.0,NaN,4.41612
4314.7617,8.687477,298.0,1.0,4314.7617,0.0,NaN,7.4732037
4500.0,10.260021,298.0,1.0,4500.0,0.0,NaN,4.359645
4088.0347,13.420317,298.0,1.0,4088.0347,0.0,NaN,6.1731486
4178.747,12.5987015,298.0,1.0,4178.747,0.0,NaN,5.427891
4016.105,11.621935,298.0,1.0,4016.105,0.0,NaN,7.0541053
4207.63,9.020391,298.0,1.0,4207.63,0.0,NaN,0.8374661
4337.294,9.186404,298.0,1.0,4337.294,0.0,NaN,0.0
4020.1968,7.9623113,298.0,1.0,4020.1968,0.0,NaN,5.2165956
4332.631,6.6091776,298.0,1.0,4332.631,0.0,NaN,4.4121623
4240.1235,6.9473104,298.0,1.0,4240.1235,0.0,NaN,4.14311
4029.1726,10.47197,298.0,1.0,4029.1726,0.0,NaN,8.503011
4167.6387,8.277107,298.0,1.0,4167.6387,0.0,NaN,5.7463646
4500.0,10.393966,298.0,1.0,4500.0,0.0,NaN,2.266091
4004.444,9.679186,298.0,1.0,4004.444,0.0,NaN,1.6835839
4500.0,3.667212,298.0,1.0,4500.0,0.0,NaN,8.727413
4484.115,5.232295,298.0,1.0,4484.115,0.0,NaN,12.3842535
4335.951,11.160191,298.0,1.0,4335.951,0.0,NaN,2.908173
4159.158,10.068006,298.0,1.0,4159.158,0.0,NaN,5.231938
4226.111,7.30204,298.0,1.0,4226.111,0.0,NaN,0.0
4406.4243,13.457995,298.0,1.0,4406.4243,0.0,NaN,10.149685
4117.9424,15.287946,298.0,1.0,4117.9424,0.0,NaN,10.410988
4263.2817,10.026168,298.0,1.0,4263.2817,0.0,NaN,9.763768
4017.3267,9.124127,298.0,1.0,4017.3267,0.0,NaN,8.226794
3820.5254,8.010185,298.0,1.0,3820.5254,0.0,NaN,0.0
4241.118,4.859337,298.0,1.0,4241.118,0.0,NaN,12.16231
4129.687,13.00968,298.0,1.0,4129.687,0.0,NaN,16.392723
4302.5093,10.859314,298.0,1.0,4302.5093,0.0,NaN,6.589189
4034.6724,13.723909,298.0,1.0,4034.6724,0.0,NaN,7.5977383
4500.0,11.802797,298.0,1.0,4500.0,0.0,NaN,11.915702
3996.8481,6.4591694,298.0,1.0,3996.8481,0.0,NaN,16.430738
4026.4153,11.044189,298.0,1.0,4026.4153,0.0,NaN,9.642318
4037.431,9.846673,298.0,1.0,4037.431,0.0,NaN,2.1597953
4171.3,12.154823,298.0,1.0,4171.3,0.0,NaN,1.6592473
4500.0,12.874464,298.0,1.0,4500.0,0.0,NaN,15.60772
4500.0,13.190736,298.0,1.0,4500.0,0.0,NaN,7.050285
3958.9585,14.627633,298.0,1.0,3958.9585,0.0,NaN,11.493972
3884.131,13.608401,298.0,1.0,3884.131,0.0,NaN,11.284527
4075.366,15.72484,298.0,1.0,4075.366,0.0,NaN,8.304182
4126.096,15.968832,298.0,1.0,4126.096,0.0,NaN,7.8563423
3939.0642,13.538579,298.0,1.0,3939.0642,0.0,NaN,4.1650386
4050.8198,8.132718,298.0,1.0,4050.8198,0.0,NaN,4.498324
3965.6086,10.087664,298.0,1.0,3965.6086,0.0,NaN,4.6209993
3592.8096,7.026236,298.0,1.0,3592.8096,0.0,NaN,6.6893997
3774.883,5.1921263,298.0,1.0,3774.883,0.0,NaN,4.817352
4007.6006,6.8283615,298.0,1.0,4007.6006,0.0,NaN,8.309629
4215.5386,13.444713,298.0,1.0,4215.5386,0.0,NaN,7.6593757
4043.7024,19.163435,298.0,1.0,4043.7024,0.0,NaN,9.663558
4260.9766,12.766109,298.0,1.0,4260.9766,0.0,NaN,4.8859506
3903.697,7.9793453,298.0,1.0,3903.697,0.0,NaN,9.011451
3924.9617,5.6216083,298.0,1.0,3924.9617,0.0,NaN,5.35495
4369.618,9.623336,298.0,1.0,4369.618,0.0,NaN,17.561419
4382.969,15.913264,298.0,1.0,4382.969,0.0,NaN,19.660763
4453.0522,12.023269,298.0,1.0,4453.0522,0.0,NaN,11.12659
4365.7017,14.551972,298.0,1.0,4365.7017,0.0,NaN,9.44744
4341.2827,14.694692,298.0,1.0,4341.2827,0.0,NaN,15.114575
4500.0,10.354804,298.0,1.0,4500.0,0.0,NaN,14.436147
3916.647,11.6418085,298.0,1.0,3916.647,0.0,NaN,8.800417
4384.546,6.792805,298.0,1.0,4384.546,0.0,NaN,13.866836
3927.967,9.007705,298.0,1.0,3927.967,0.0,NaN,16.469406
3716.7502,8.237039,298.0,1.0,3716.7502,0.0,NaN,14.507344
3775.202,6.5023813,298.0,1.0,3775.202,0.0,NaN,3.6406994
3895.9014,12.852484,298.0,1.0,3895.9014,0.0,NaN,2.0505161
4119.791,10.579203,298.0,1.0,4119.791,0.0,NaN,11.556834
4172.8213,9.843157,298.0,1.0,4172.8213,0.0,NaN,15.850171
3943.3848,10.027683,298.0,1.0,3943.3848,0.0,NaN,16.494497
3925.2375,7.8265715,298.0,1.0,3925.2375,0.0,NaN,19.993496
3944.6465,11.315628,298.0,1.0,3944.6465,0.0,NaN,10.765043
4391.17,12.922584,298.0,1.0,4391.17,0.0,NaN,9.554899
4161.537,3.6958914,298.0,1.0,4161.537,0.0,NaN,0.0
4002.1626,6.142542,298.0,1.0,4002.1626,0.0,NaN,3.70259
3978.6265,7.1023045,298.0,1.0,3978.6265,0.0,NaN,6.041333
4390.964,10.198129,298.0,1.0,4390.964,0.0,NaN,11.204227
4389.9023,11.253771,298.0,1.0,4389.9023,0.0,NaN,14.985442
4495.556,12.146175,298.0,1.0,4495.556,0.0,NaN,12.371815
4344.95,7.496386,298.0,1.0,4344.95,0.0,NaN,5.0667706
4366.1074,6.412687,298.0,1.0,4366.1074,0.0,NaN,8.229876
4500.0,12.5626545,298.0,1.0,4500.0,0.0,NaN,6.135893
4132.2764,9.725197,298.0,1.0,4132.2764,0.0,NaN,0.94491243
4233.437,10.594119,298.0,1.0,4233.437,0.0,NaN,0.0
4060.5764,11.941847,298.0,1.0,4060.5764,0.0,NaN,3.9743602
4285.9077,6.0902886,298.0,1.0,4285.9077,0.0,NaN,3.0546367
4344.3203,7.1135383,298.0,1.0,4344.3203,0.0,NaN,12.675545
4116.08,6.023655,298.0,1.0,4116.08,0.0,NaN,8.986407
4224.8247,9.274187,298.0,1.0,4224.8247,0.0,NaN,3.1250448
4155.605,8.811451,298.0,1.0,4155.605,0.0,NaN,1.1723846
3961.248,5.2965364,298.0,1.0,3961.248,0.0,NaN,5.3975196
4037.1772,4.193998,298.0,1.0,4037.1772,0.0,NaN,10.432232
3859.6418,6.162276,298.0,1.0,3859.6418,0.0,NaN,7.0453644
3761.1345,9.786797,298.0,1.0,3761.1345,0.0,NaN,9.502715
4025.3586,9.336708,298.0,1.0,4025.3586,0.0,NaN,10.478434
3976.3633,13.690669,298.0,1.0,3976.3633,0.0,NaN,15.384796
4091.666,14.688358,298.0,1.0,4091.666,0.0,NaN,16.368242
3971.6084,8.463507,298.0,1.0,3971.6084,0.0,NaN,11.9543915
4050.968,11.814927,298.0,1.0,4050.968,0.0,NaN,10.200572
4293.0635,15.785969,298.0,1.0,4293.0635,0.0,NaN,13.082877
3798.3682,13.152963,298.0,1.0,3798.3682,0.0,NaN,3.3675818
4169.66,8.587463,298.0,1.0,4169.66,0.0,NaN,7.924864
4184.7217,3.0,298.0,1.0,4184.7217,0.0,NaN,3.0994387
4493.0825,15.016394,298.0,1.0,4493.0825,0.0,NaN,5.8499155
4304.3486,20.04345,298.0,1.0,4304.3486,0.0,NaN,0.0
4237.2007,11.538692,298.0,1.0,4237.2007,0.0,NaN,6.775552
3923.5928,13.748833,298.0,1.0,3923.5928,0.0,NaN,0.0
4388.1294,11.4606285,298.0,1.0,4388.1294,0.0,NaN,5.7486205
4288.258,9.329955,298.0,1.0,4288.258,0.0,NaN,11.380691
4187.511,13.701752,298.0,1.0,4187.511,0.0,NaN,15.470216
4408.0493,10.7315,298.0,1.0,4408.0493,0.0,NaN,10.5113
4184.4917,10.5954485,298.0,1.0,4184.4917,0.0,NaN,12.245891
4140.4175,11.2097645,298.0,1.0,4140.4175,0.0,NaN,9.366852
3881.9678,3.9571548,298.0,1.0,3881.9678,0.0,NaN,11.7966175
3986.6147,6.6088405,298.0,1.0,3986.6147,0.0,NaN,4.216975
3926.9114,6.1025047,298.0,1.0,3926.9114,0.0,NaN,9.6015005
4127.1577,6.085958,298.0,1.0,4127.1577,0.0,NaN,7.959643
4111.448,8.494323,298.0,1.0,4111.448,0.0,NaN,4.634723
4137.5957,13.432329,298.0,1.0,4137.5957,0.0,NaN,12.405766
3903.7795,11.307042,298.0,1.0,3903.7795,0.0,NaN,9.403068
3780.921,11.108934,298.0,1.0,3780.921,0.0,NaN,3.4286947
4125.188,9.570716,298.0,1.0,4125.188,0.0,NaN,3.7100613
3816.8865,6.5440354,298.0,1.0,3816.8865,0.0,NaN,16.989326
3912.708,12.817025,298.0,1.0,3912.708,0.0,NaN,12.501875
4139.788,14.194495,298.0,1.0,4139.788,0.0,NaN,2.0454674
3900.9707,11.202389,298.0,1.0,3900.9707,0.0,NaN,4.5568557
4500.0,8.835448,298.0,1.0,4500.0,0.0,NaN,0.0
4071.2744,4.4461503,298.0,1.0,4071.2744,0.0,NaN,0.0
4356.971,6.5769563,298.0,1.0,4356.971,0.0,NaN,2.2058964
4313.1934,7.4556203,298.0,1.0,4313.1934,0.0,NaN,10.799545
4118.6807,13.217884,298.0,1.0,4118.6807,0.0,NaN,13.513077
3970.569,6.624862,298.0,1.0,3970.569,0.0,NaN,4.4810085
4284.796,13.830194,298.0,1.0,4284.796,0.0,NaN,9.783876
4169.8276,17.12574,298.0,1.0,4169.8276,0.0,NaN,4.6933026
4040.8857,13.61292,298.0,1.0,4040.8857,0.0,NaN,2.6584415
4121.512,8.722224,298.0,1.0,4121.512,0.0,NaN,4.8532457
4341.9424,8.087284,298.0,1.0,4341.9424,0.0,NaN,13.130993
4287.1167,12.212042,298.0,1.0,4287.1167,0.0,NaN,18.299696
4147.268,9.805622,298.0,1.0,4147.268,0.0,NaN,18.98426
4160.8184,3.0,298.0,1.0,4160.8184,0.0,NaN,12.6384945
3990.749,8.022158,298.0,1.0,3990.749,0.0,NaN,5.052173
4209.336,13.8621645,298.0,1.0,4209.336,0.0,NaN,1.5493155
4057.8486,7.704746,298.0,1.0,4057.8486,0.0,NaN,2.0717173
4183.8706,6.826105,298.0,1.0,4183.8706,0.0,NaN,6.8897753
3740.7463,4.26056,298.0,1.0,3740.7463,0.0,NaN,4.1541996
4147.6436,7.252792,298.0,1.0,4147.6436,0.0,NaN,8.818993
4171.043,8.802312,298.0,1.0,4171.043,0.0,NaN,2.2755475
4356.5938,12.813395,298.0,1.0,4356.5938,0.0,NaN,4.3372097
3554.0002,11.043447,298.0,1.0,3554.0002,0.0,NaN,12.161064
4298.7734,8.301418,298.0,1.0,4298.7734,0.0,NaN,8.359516
4069.3672,5.701898,298.0,1.0,4069.3672,0.0,NaN,0.41344464
3997.388,10.758879,298.0,1.0,3997.388,0.0,NaN,22.543064
4418.9985,9.630386,298.0,1.0,4418.9985,0.0,NaN,18.629896
4295.239,10.369564,298.0,1.0,4295.239,0.0,NaN,14.741432
4204.103,9.885412,298.0,1.0,4204.103,0.0,NaN,9.446025
3912.3757,12.99958,298.0,1.0,3912.3757,0.0,NaN,17.039131
3888.2595,16.930292,298.0,1.0,3888.2595,0.0,NaN,13.324711
4135.045,10.746499,298.0,1.0,4135.045,0.0,NaN,0.0
4325.3413,11.407112,298.0,1.0,4325.3413,0.0,NaN,0.69973767
4314.8716,13.368035,298.0,1.0,4314.8716,0.0,NaN,5.512542
4403.571,12.123324,298.0,1.0,4403.571,0.0,NaN,9.378359
3987.6707,11.354118,298.0,1.0,3987.6707,0.0,NaN,8.687761
4030.1787,18.21185,298.0,1.0,4030.1787,0.0,NaN,6.6698284
4422.9404,18.672188,298.0,1.0,4422.9404,0.0,NaN,3.1410365
4036.1467,11.44256,298.0,1.0,4036.1467,0.0,NaN,4.6569853
4319.0864,10.945879,298.0,1.0,4319.0864,0.0,NaN,1.0112375
4160.6724,12.888032,298.0,1.0,4160.6724,0.0,NaN,0.0
4481.4697,6.0147834,298.0,1.0,4481.4697,0.0,NaN,9.071168
4410.6973,3.0,298.0,1.0,4410.6973,0.0,NaN,4.9630165
4466.0283,7.8875165,298.0,1.0,4466.0283,0.0,NaN,4.5012293
4334.0527,5.546061,298.0,1.0,4334.0527,0.0,NaN,3.4199328
4081.6743,11.418753,298.0,1.0,4081.6743,0.0,NaN,0.0
4426.7563,3.013532,298.0,1.0,4426.7563,0.0,NaN,4.531169
4466.978,15.827843,298.0,1.0,4466.978,0.0,NaN,10.868704
4301.16,12.847389,298.0,1.0,4301.16,0.0,NaN,1.2146086
4131.2812,8.867329,298.0,1.0,4131.2812,0.0,NaN,6.6180615
4190.545,12.266863,298.0,1.0,4190.545,0.0,NaN,10.102063
4500.0,12.890769,298.0,1.0,4500.0,0.0,NaN,2.2811413
4301.8936,11.361191,298.0,1.0,4301.8936,0.0,NaN,1.7401278
4306.957,8.463335,298.0,1.0,4306.957,0.0,NaN,0.0
4239.476,6.0169477,298.0,1.0,4239.476,0.0,NaN,4.2831364
3807.7769,10.027572,298.0,1.0,3807.7769,0.0,NaN,14.726549
4431.597,8.965539,298.0,1.0,4431.597,0.0,NaN,5.401778
4199.854,7.6045685,298.0,1.0,4199.854,0.0,NaN,0.0
4245.318,5.5502644,298.0,1.0,4245.318,0.0,NaN,11.824268
4374.7817,8.251162,298.0,1.0,4374.7817,0.0,NaN,2.358216
4355.7065,10.041693,298.0,1.0,4355.7065,0.0,NaN,0.0
4100.096,9.360332,298.0,1.0,4100.096,0.0,NaN,11.882123
3910.3406,6.746193,298.0,1.0,3910.3406,0.0,NaN,12.363681
3960.4868,3.0,298.0,1.0,3960.4868,0.0,NaN,11.31981
4104.3545,3.0,298.0,1.0,4104.3545,0.0,NaN,6.4250526
4069.138,7.286779,298.0,1.0,4069.138,0.0,NaN,9.788752
4000.7454,11.470269,298.0,1.0,4000.7454,0.0,NaN,5.540702
4245.2944,12.497833,298.0,1.0,4245.2944,0.0,NaN,10.817364
4500.0,13.679018,298.0,1.0,4500.0,0.0,NaN,11.408761
4426.3433,9.53966,298.0,1.0,4426.3433,0.0,NaN,7.6706142
4299.0015,18.258654,298.0,1.0,4299.0015,0.0,NaN,0.5166352
4247.6533,15.735189,298.0,1.0,4247.6533,0.0,NaN,12.445339
4055.4766,11.711579,298.0,1.0,4055.4766,0.0,NaN,15.413228
4007.7004,8.884656,298.0,1.0,4007.7004,0.0,NaN,2.273351
4500.0,12.634441,298.0,1.0,4500.0,0.0,NaN,10.620939
4250.814,15.181339,298.0,1.0,4250.814,0.0,NaN,15.113163
4129.5386,9.063054,298.0,1.0,4129.5386,0.0,NaN,15.860179
4451.6714,8.027921,298.0,1.0,4451.6714,0.0,NaN,15.2226925
4500.0,7.9658413,298.0,1.0,4500.0,0.0,NaN,1.1290699
4500.0,6.482905,298.0,1.0,4500.0,0.0,NaN,0.0
4004.999,13.251846,298.0,1.0,4004.999,0.0,NaN,3.0746193
3764.248,13.031554,298.0,1.0,3764.248,0.0,NaN,4.942331
4121.113,10.511825,298.0,1.0,4121.113,0.0,NaN,3.0148892
4084.6838,5.8165956,298.0,1.0,4084.6838,0.0,NaN,7.20644
4244.612,8.726208,298.0,1.0,4244.612,0.0,NaN,10.600701
4432.9717,9.211326,298.0,1.0,4432.9717,0.0,NaN,16.447739
4387.39,10.0693035,298.0,1.0,4387.39,0.0,NaN,6.526595
4006.887,9.540848,298.0,1.0,4006.887,0.0,NaN,16.04779
4103.707,11.506836,298.0,1.0,4103.707,0.0,NaN,11.978597
3916.0198,9.310432,298.0,1.0,3916.0198,0.0,NaN,5.391297
4107.6978,6.910939,298.0,1.0,4107.6978,0.0,NaN,3.1065464
3999.966,11.671412,298.0,1.0,3999.966,0.0,NaN,6.848827
4093.561,7.7521667,298.0,1.0,4093.561,0.0,NaN,2.0334868
4500.0,9.045407,298.0,1.0,4500.0,0.0,NaN,3.2192588
4283.134,5.351609,298.0,1.0,4283.134,0.0,NaN,5.0587387
4284.531,10.66343,298.0,1.0,4284.531,0.0,NaN,7.9754324
4328.982,6.5435243,298.0,1.0,4328.982,0.0,NaN,3.548926
4097.526,16.024612,298.0,1.0,4097.526,0.0,NaN,4.389781
4150.6206,7.8150263,298.0,1.0,4150.6206,0.0,NaN,0.40901005
4257.396,12.134266,298.0,1.0,4257.396,0.0,NaN,0.0
4057.9636,7.903818,298.0,1.0,4057.9636,0.0,NaN,4.4705925
4227.1343,7.6801577,298.0,1.0,4227.1343,0.0,NaN,0.0
4218.064,5.970761,298.0,1.0,4218.064,0.0,NaN,6.963575
4319.2153,7.112905,298.0,1.0,4319.2153,0.0,NaN,3.3141732
4172.79,11.177599,298.0,1.0,4172.79,0.0,NaN,7.3037386
4480.9097,3.0,298.0,1.0,4480.9097,0.0,NaN,9.285116
4249.883,5.198396,298.0,1.0,4249.883,0.0,NaN,4.2826595
3547.3008,6.8242025,298.0,1.0,3547.3008,0.0,NaN,11.064347
4192.7837,13.414991,298.0,1.0,4192.7837,0.0,NaN,0.0
4273.092,11.484925,298.0,1.0,4273.092,0.0,NaN,1.5803367
4482.362,9.106464,298.0,1.0,4482.362,0.0,NaN,5.403286
3950.6846,10.170655,298.0,1.0,3950.6846,0.0,NaN,4.1490645
4258.719,7.084062,298.0,1.0,4258.719,0.0,NaN,12.059715
4244.2646,6.921742,298.0,1.0,4244.2646,0.0,NaN,10.420829
4379.574,6.544792,298.0,1.0,4379.574,0.0,NaN,12.288368
4500.0,13.174112,298.0,1.0,4500.0,0.0,NaN,8.657986
4128.5537,14.423742,298.0,1.0,4128.5537,0.0,NaN,16.69355
4084.623,15.063916,298.0,1.0,4084.623,0.0,NaN,8.998519
4247.735,11.590741,298.0,1.0,4247.735,0.0,NaN,7.0599346
4249.3604,10.291458,298.0,1.0,4249.3604,0.0,NaN,1.0256618
4197.0557,9.484352,298.0,1.0,4197.0557,0.0,NaN,0.0
3842.1113,6.73946,298.0,1.0,3842.1113,0.0,NaN,7.5341344
4099.557,7.074869,298.0,1.0,4099.557,0.0,NaN,13.477108
4500.0,8.8267145,298.0,1.0,4500.0,0.0,NaN,17.732916
4191.5093,9.4907,298.0,1.0,4191.5093,0.0,NaN,6.404409
4244.49,14.828503,298.0,1.0,4244.49,0.0,NaN,10.784424
3872.4448,15.253277,298.0,1.0,3872.4448,0.0,NaN,0.23676455
4094.1619,12.386354,298.0,1.0,4094.1619,0.0,NaN,1.1155009
4136.978,9.768292,298.0,1.0,4136.978,0.0,NaN,12.204027
4279.011,14.92749,298.0,1.0,4279.011,0.0,NaN,15.427402
3963.9307,13.836179,298.0,1.0,3963.9307,0.0,NaN,11.630774
4466.5854,10.296361,298.0,1.0,4466.5854,0.0,NaN,11.220542
4281.6865,9.205343,298.0,1.0,4281.6865,0.0,NaN,9.41377
4220.8867,11.114891,298.0,1.0,4220.8867,0.0,NaN,0.0
4016.0676,9.959674,298.0,1.0,4016.0676,0.0,NaN,5.29303
4225.731,11.3883705,298.0,1.0,4225.731,0.0,NaN,3.908217
4500.0,13.537349,298.0,1.0,4500.0,0.0,NaN,14.647516
4495.942,5.29566,298.0,1.0,4495.942,0.0,NaN,11.755538
4500.0,3.0,298.0,1.0,4500.0,0.0,NaN,6.3792677
4226.5415,10.90743,298.0,1.0,4226.5415,0.0,NaN,7.3602767
4004.553,10.472662,298.0,1.0,4004.553,0.0,NaN,9.305149
3995.405,6.1287565,298.0,1.0,3995.405,0.0,NaN,5.490756
4049.3252,10.7274065,298.0,1.0,4049.3252,0.0,NaN,3.0504198
4029.6738,10.850023,298.0,1.0,4029.6738,0.0,NaN,0.0
3966.5503,12.832481,298.0,1.0,3966.5503,0.0,NaN,11.159855
3971.5063,13.408669,298.0,1.0,3971.5063,0.0,NaN,16.130278
4021.9597,17.677588,298.0,1.0,4021.9597,0.0,NaN,5.2436085
3299.6616,14.412343,298.0,1.0,3299.6616,0.0,NaN,14.307737
4042.4526,10.042281,298.0,1.0,4042.4526,0.0,NaN,11.30842
4295.0654,8.9283495,298.0,1.0,4295.0654,0.0,NaN,5.8359804
4206.4277,3.0,298.0,1.0,4206.4277,0.0,NaN,10.013986
3895.3374,12.303112,298.0,1.0,3895.3374,0.0,NaN,12.6115055
3861.1526,5.903446,298.0,1.0,3861.1526,0.0,NaN,3.1465678
3615.5627,8.896396,298.0,1.0,3615.5627,0.0,NaN,3.7019908
3854.4438,10.86049,298.0,1.0,3854.4438,0.0,NaN,12.343913
3862.5918,12.474142,298.0,1.0,3862.5918,0.0,NaN,10.651565
3596.4702,15.834957,298.0,1.0,3596.4702,0.0,NaN,1.0087967
4343.287,9.508638,298.0,1.0,4343.287,0.0,NaN,0.0
4387.6943,9.698771,298.0,1.0,4387.6943,0.0,NaN,0.0
4253.7974,6.5200725,298.0,1.0,4253.7974,0.0,NaN,4.2746754
4474.631,11.259993,298.0,1.0,4474.631,0.0,NaN,16.623821
3992.9336,11.364304,298.0,1.0,3992.9336,0.0,NaN,3.912756
4106.001,11.933253,298.0,1.0,4106.001,0.0,NaN,0.0
3900.206,8.572308,298.0,1.0,3900.206,0.0,NaN,11.419299
4463.842,13.827485,298.0,1.0,4463.842,0.0,NaN,6.9616437
4074.8567,8.66074,298.0,1.0,4074.8567,0.0,NaN,8.296376
4332.7373,11.512459,298.0,1.0,4332.7373,0.0,NaN,17.696646
4412.5015,8.2977,298.0,1.0,4412.5015,0.0,NaN,5.1453295
4417.711,11.39077,298.0,1.0,4417.711,0.0,NaN,11.618423
3830.5183,10.394347,298.0,1.0,3830.5183,0.0,NaN,9.601092
4354.605,9.220415,298.0,1.0,4354.605,0.0,NaN,16.9018
3839.9375,13.884594,298.0,1.0,3839.9375,0.0,NaN,8.548307
4500.0,9.933265,298.0,1.0,4500.0,0.0,NaN,2.2559853
3932.1167,9.200715,298.0,1.0,3932.1167,0.0,NaN,1.8795967
4135.268,6.2763247,298.0,1.0,4135.268,0.0,NaN,0.0
4282.5938,11.601346,298.0,1.0,4282.5938,0.0,NaN,8.406249
4500.0,6.8669467,298.0,1.0,4500.0,0.0,NaN,16.26518
4368.07,8.536522,298.0,1.0,4368.07,0.0,NaN,3.4515858
4461.239,12.734948,298.0,1.0,4461.239,0.0,NaN,5.976528
3952.302,9.327704,298.0,1.0,3952.302,0.0,NaN,0.43306947
4085.9802,18.833075,298.0,1.0,4085.9802,0.0,NaN,5.9176865
3866.1013,10.703701,298.0,1.0,3866.1013,0.0,NaN,12.03472
3830.2246,13.010067,298.0,1.0,3830.2246,0.0,NaN,12.466762
4161.468,11.143782,298.0,1.0,4161.468,0.0,NaN,11.40973
4267.7964,9.879645,298.0,1.0,4267.7964,0.0,NaN,14.438605
4164.014,7.0443826,298.0,1.0,4164.014,0.0,NaN,0.65381825
3602.3088,6.3143806,298.0,1.0,3602.3088,0.0,NaN,0.26613474
4012.777,9.903635,298.0,1.0,4012.777,0.0,NaN,3.102264
3867.1387,16.64787,298.0,1.0,3867.1387,0.0,NaN,5.4837675
4424.6455,16.414364,298.0,1.0,4424.6455,0.0,NaN,6.8576517
4088.1436,11.469592,298.0,1.0,4088.1436,0.0,NaN,12.280035
4134.1006,15.587156,298.0,1.0,4134.1006,0.0,NaN,8.467546
4215.7915,17.032019,298.0,1.0,4215.7915,0.0,NaN,13.593393
4062.506,16.44053,298.0,1.0,4062.506,0.0,NaN,9.527376
4006.94,7.9677143,298.0,1.0,4006.94,0.0,NaN,1.5499592
4017.7942,9.745196,298.0,1.0,4017.7942,0.0,NaN,1.7829359
3873.97,4.433245,298.0,1.0,3873.97,0.0,NaN,4.7192364
4056.1245,4.8914804,298.0,1.0,4056.1245,0.0,NaN,0.0
4245.8438,8.356175,298.0,1.0,4245.8438,0.0,NaN,4.209292
4183.565,12.056511,298.0,1.0,4183.565,0.0,NaN,11.745718
4369.885,11.055533,298.0,1.0,4369.885,0.0,NaN,4.8935323
4500.0,10.323163,298.0,1.0,4500.0,0.0,NaN,8.155176
4162.192,8.3345585,298.0,1.0,4162.192,0.0,NaN,17.163218
4111.4395,8.581509,298.0,1.0,4111.4395,0.0,NaN,10.4682
4195.6587,14.250927,298.0,1.0,4195.6587,0.0,NaN,8.018499
3913.9414,7.9121165,298.0,1.0,3913.9414,0.0,NaN,3.6353798
4216.9575,7.3977423,298.0,1.0,4216.9575,0.0,NaN,3.5148084
4276.724,17.691183,298.0,1.0,4276.724,0.0,NaN,6.6500216
4031.124,10.29665,298.0,1.0,4031.124,0.0,NaN,4.596138
4084.1152,3.0,298.0,1.0,4084.1152,0.0,NaN,8.291927
4133.3467,6.248925,298.0,1.0,4133.3467,0.0,NaN,6.9583235
3895.8157,9.55953,298.0,1.0,3895.8157,0.0,NaN,22.722715
3982.9216,9.697198,298.0,1.0,3982.9216,0.0,NaN,12.705222
4321.567,10.2998705,298.0,1.0,4321.567,0.0,NaN,3.5209446
4500.0,10.647442,298.0,1.0,4500.0,0.0,NaN,5.188364
4266.15,7.780976,298.0,1.0,4266.15,0.0,NaN,7.238287
4343.048,3.0107365,298.0,1.0,4343.048,0.0,NaN,11.924187
3907.6514,4.925673,298.0,1.0,3907.6514,0.0,NaN,4.8453865
3683.0032,8.35579,298.0,1.0,3683.0032,0.0,NaN,10.297942
3826.2908,11.166211,298.0,1.0,3826.2908,0.0,NaN,6.0747743
3792.857,10.079018,298.0,1.0,3792.857,0.0,NaN,6.548467
4047.2915,8.159742,298.0,1.0,4047.2915,0.0,NaN,6.190422
4500.0,10.093838,298.0,1.0,4500.0,0.0,NaN,0.0091433525
4293.621,13.171677,298.0,1.0,4293.621,0.0,NaN,17.260271
3892.3208,19.308645,298.0,1.0,3892.3208,0.0,NaN,5.390954
4081.9229,12.789059,298.0,1.0,4081.9229,0.0,NaN,2.0784438
3779.9666,10.165569,298.0,1.0,3779.9666,0.0,NaN,10.345944
4241.5884,8.207577,298.0,1.0,4241.5884,0.0,NaN,17.905443
3960.9636,7.841693,298.0,1.0,3960.9636,0.0,NaN,15.826782
4500.0,10.87393,298.0,1.0,4500.0,0.0,NaN,0.0
4290.661,15.4556055,298.0,1.0,4290.661,0.0,NaN,0.0
3999.2634,10.701043,298.0,1.0,3999.2634,0.0,NaN,5.60807
4133.6704,9.824183,298.0,1.0,4133.6704,0.0,NaN,0.0
3838.0735,8.94545,298.0,1.0,3838.0735,0.0,NaN,10.561455
4500.0,14.605866,298.0,1.0,4500.0,0.0,NaN,15.940126
4001.533,16.506916,298.0,1.0,4001.533,0.0,NaN,10.854858
4087.0574,15.074932,298.0,1.0,4087.0574,0.0,NaN,4.31844
4500.0,14.016632,298.0,1.0,4500.0,0.0,NaN,11.347437
4415.2397,16.63956,298.0,1.0,4415.2397,0.0,NaN,13.188163
4336.8584,10.92687,298.0,1.0,4336.8584,0.0,NaN,15.326837
4320.138,9.135287,298.0,1.0,4320.138,0.0,NaN,8.521253
4085.8796,8.9534025,298.0,1.0,4085.8796,0.0,NaN,7.4903965
4275.1597,12.159461,298.0,1.0,4275.1597,0.0,NaN,9.869281
4172.61,10.077953,298.0,1.0,4172.61,0.0,NaN,8.34741
3577.223,10.332105,298.0,1.0,3577.223,0.0,NaN,7.3822765
3979.5996,8.925058,298.0,1.0,3979.5996,0.0,NaN,15.07136
3962.9976,3.084279,298.0,1.0,3962.9976,0.0,NaN,9.787932
4329.99,9.639678,298.0,1.0,4329.99,0.0,NaN,0.5005449
4116.4126,10.985317,298.0,1.0,4116.4126,0.0,NaN,8.6582
4385.822,17.799723,298.0,1.0,4385.822,0.0,NaN,0.0
4313.587,14.78813,298.0,1.0,4313.587,0.0,NaN,8.908426
4099.1294,10.596469,298.0,1.0,4099.1294,0.0,NaN,0.0
4179.42,6.283976,298.0,1.0,4179.42,0.0,NaN,11.3953705
4086.0674,8.154445,298.0,1.0,4086.0674,0.0,NaN,4.189232
4149.221,5.520862,298.0,1.0,4149.221,0.0,NaN,13.084427
4500.0,8.352355,298.0,1.0,4500.0,0.0,NaN,0.0
4294.4736,5.051708,298.0,1.0,4294.4736,0.0,NaN,6.868643
4043.4194,10.788271,298.0,1.0,4043.4194,0.0,NaN,4.7879844
3664.1191,12.269379,298.0,1.0,3664.1191,0.0,NaN,8.2090435
4040.9204,17.407326,298.0,1.0,4040.9204,0.0,NaN,5.5824666
4111.8784,22.552975,298.0,1.0,4111.8784,0.0,NaN,7.81641
4500.0,15.026006,298.0,1.0,4500.0,0.0,NaN,2.92359
3925.8499,13.824606,298.0,1.0,3925.8499,0.0,NaN,10.087615
3968.717,7.862867,298.0,1.0,3968.717,0.0,NaN,7.336426
4265.504,11.40835,298.0,1.0,4265.504,0.0,NaN,0.0
3966.2144,8.289585,298.0,1.0,3966.2144,0.0,NaN,8.313245
4187.3345,5.7272167,298.0,1.0,4187.3345,0.0,NaN,11.577192
3919.1543,10.398694,298.0,1.0,3919.1543,0.0,NaN,11.911431
4425.627,14.825423,298.0,1.0,4425.627,0.0,NaN,14.491317
4201.3965,14.523103,298.0,1.0,4201.3965,0.0,NaN,7.4125977
4405.9546,16.006805,298.0,1.0,4405.9546,0.0,NaN,5.1955433
4334.024,8.62381,298.0,1.0,4334.024,0.0,NaN,15.024694
4267.02,10.617637,298.0,1.0,4267.02,0.0,NaN,16.928017
3890.824,9.032137,298.0,1.0,3890.824,0.0,NaN,11.900467
4026.6208,15.5696,298.0,1.0,4026.6208,0.0,NaN,4.7260046
4500.0,7.4475656,298.0,1.0,4500.0,0.0,NaN,1.1790454
4500.0,7.3500657,298.0,1.0,4500.0,0.0,NaN,14.681742
4347.1514,6.8101053,298.0,1.0,4347.1514,0.0,NaN,9.605253
4500.0,9.161361,298.0,1.0,4500.0,0.0,NaN,1.6862988
4043.5776,10.821128,298.0,1.0,4043.5776,0.0,NaN,0.0
4329.4575,8.789938,298.0,1.0,4329.4575,0.0,NaN,7.100305
3789.3567,11.398777,298.0,1.0,3789.3567,0.0,NaN,13.960075
4500.0,11.555728,298.0,1.0,4500.0,0.0,NaN,12.951669
4190.2646,13.236935,298.0,1.0,4190.2646,0.0,NaN,7.3085933
4410.5015,15.034261,298.0,1.0,4410.5015,0.0,NaN,7.3580027
3953.732,12.340793,298.0,1.0,3953.732,0.0,NaN,5.647242
4039.7356,13.184038,298.0,1.0,4039.7356,0.0,NaN,6.967294
4181.026,8.175605,298.0,1.0,4181.026,0.0,NaN,4.9183726
4154.1514,11.295383,298.0,1.0,4154.1514,0.0,NaN,9.722924
4115.9043,12.651854,298.0,1.0,4115.9043,0.0,NaN,5.60765
4389.363,6.1267095,298.0,1.0,4389.363,0.0,NaN,13.706613
4125.673,10.787716,298.0,1.0,4125.673,0.0,NaN,11.928863
4118.174,3.8473473,298.0,1.0,4118.174,0.0,NaN,11.940726
4110.8877,7.5503983,298.0,1.0,4110.8877,0.0,NaN,8.389065
4233.2085,10.381398,298.0,1.0,4233.2085,0.0,NaN,0.71668625
3555.5261,11.328264,298.0,1.0,3555.5261,0.0,NaN,9.628826
3865.917,10.159187,298.0,1.0,3865.917,0.0,NaN,11.751774
4081.4675,9.0707245,298.0,1.0,4081.4675,0.0,NaN,14.711231
4039.3513,10.273324,298.0,1.0,4039.3513,0.0,NaN,16.797043
3911.3372,9.958962,298.0,1.0,3911.3372,0.0,NaN,10.854668
3591.8447,10.477692,298.0,1.0,3591.8447,0.0,NaN,3.7655532
3585.759,9.23601,298.0,1.0,3585.759,0.0,NaN,5.83199
3995.4114,9.405685,298.0,1.0,3995.4114,0.0,NaN,10.694593
4351.4985,10.581002,298.0,1.0,4351.4985,0.0,NaN,6.1473756
3899.7593,10.622371,298.0,1.0,3899.7593,0.0,NaN,10.3422165
4074.7825,7.5639324,298.0,1.0,4074.7825,0.0,NaN,6.4200163
4292.276,3.3221626,298.0,1.0,4292.276,0.0,NaN,15.5976925
4140.8887,7.039191,298.0,1.0,4140.8887,0.0,NaN,14.334586
4019.8584,9.920869,298.0,1.0,4019.8584,0.0,NaN,5.926478
3810.5212,9.937821,298.0,1.0,3810.5212,0.0,NaN,3.08609
4265.1255,11.043399,298.0,1.0,4265.1255,0.0,NaN,4.537156
4345.8296,5.9138436,298.0,1.0,4345.8296,0.0,NaN,7.7876034
3766.8057,6.693325,298.0,1.0,3766.8057,0.0,NaN,8.562785
4425.032,7.5922403,298.0,1.0,4425.032,0.0,NaN,6.7608447
4204.224,3.67456,298.0,1.0,4204.224,0.0,NaN,10.251218
4477.867,8.174497,298.0,1.0,4477.867,0.0,NaN,2.8705387
4409.567,12.955085,298.0,1.0,4409.567,0.0,NaN,0.0
4500.0,7.4598417,298.0,1.0,4500.0,0.0,NaN,0.0
4500.0,6.8499045,298.0,1.0,4500.0,0.0,NaN,9.3015375
3911.65,9.866942,298.0,1.0,3911.65,0.0,NaN,14.238456
4048.006,9.036933,298.0,1.0,4048.006,0.0,NaN,5.0495296
4033.7473,11.0915985,298.0,1.0,4033.7473,0.0,NaN,0.0
4343.8022,9.73243,298.0,1.0,4343.8022,0.0,NaN,0.0
4500.0,6.156599,298.0,1.0,4500.0,0.0,NaN,10.353652
4294.446,8.98234,298.0,1.0,4294.446,0.0,NaN,8.90809
4100.321,5.3692245,298.0,1.0,4100.321,0.0,NaN,1.4489293
4500.0,10.0252495,298.0,1.0,4500.0,0.0,NaN,11.186078
4288.277,14.872002,298.0,1.0,4288.277,0.0,NaN,17.274082
4290.7715,14.261548,298.0,1.0,4290.7715,0.0,NaN,8.787525
4391.05,9.637261,298.0,1.0,4391.05,0.0,NaN,14.919413
4273.932,11.9289255,298.0,1.0,4273.932,0.0,NaN,9.491163
4235.6025,7.1730595,298.0,1.0,4235.6025,0.0,NaN,9.256551
4464.176,13.310707,298.0,1.0,4464.176,0.0,NaN,6.3173413
4090.03,18.524693,298.0,1.0,4090.03,0.0,NaN,6.803715
4205.7915,12.138514,298.0,1.0,4205.7915,0.0,NaN,2.7537704
4084.0085,10.2530155,298.0,1.0,4084.0085,0.0,NaN,0.0
4103.4756,7.411534,298.0,1.0,4103.4756,0.0,NaN,1.4771044
4414.687,8.689093,298.0,1.0,4414.687,0.0,NaN,0.0
4500.0,6.5026007,298.0,1.0,4500.0,0.0,NaN,9.419185
4111.594,6.320962,298.0,1.0,4111.594,0.0,NaN,8.921915
3988.7751,14.484344,298.0,1.0,3988.7751,0.0,NaN,13.633236
4137.4443,14.774191,298.0,1.0,4137.4443,0.0,NaN,12.306539
3801.2595,11.259244,298.0,1.0,3801.2595,0.0,NaN,7.4143944
3952.2583,10.868281,298.0,1.0,3952.2583,0.0,NaN,0.6434232
3782.2783,10.238519,298.0,1.0,3782.2783,0.0,NaN,10.121176
3903.6895,10.387364,298.0,1.0,3903.6895,0.0,NaN,10.42153
4156.9556,12.135874,298.0,1.0,4156.9556,0.0,NaN,6.5131216
4315.3594,14.213109,298.0,1.0,4315.3594,0.0,NaN,12.758976
4473.143,6.477805,298.0,1.0,4473.143,0.0,NaN,0.0
4031.3132,8.604713,298.0,1.0,4031.3132,0.0,NaN,6.931856
4300.787,14.320406,298.0,1.0,4300.787,0.0,NaN,11.948785
4111.7656,9.178742,298.0,1.0,4111.7656,0.0,NaN,11.562967
3942.0725,5.355936,298.0,1.0,3942.0725,0.0,NaN,13.900948
4401.983,9.84281,298.0,1.0,4401.983,0.0,NaN,0.0
3968.0332,8.912104,298.0,1.0,3968.0332,0.0,NaN,14.043972
4174.337,3.0,298.0,1.0,4174.337,0.0,NaN,12.669349
3978.8901,9.898757,298.0,1.0,3978.8901,0.0,NaN,7.7263026
4315.252,14.0545025,298.0,1.0,4315.252,0.0,NaN,10.41094
4313.891,8.939345,298.0,1.0,4313.891,0.0,NaN,9.636942
3780.9897,5.786023,298.0,1.0,3780.9897,0.0,NaN,9.344927
3636.4253,8.048355,298.0,1.0,3636.4253,0.0,NaN,2.0498335
3941.0305,7.0830617,298.0,1.0,3941.0305,0.0,NaN,5.987969
3981.1458,9.332663,298.0,1.0,3981.1458,0.0,NaN,9.032544
3986.523,11.415055,298.0,1.0,3986.523,0.0,NaN,14.540625
4500.0,11.2986,298.0,1.0,4500.0,0.0,NaN,8.566761
3865.0342,13.162744,298.0,1.0,3865.0342,0.0,NaN,1.0893941
3854.8188,10.997759,298.0,1.0,3854.8188,0.0,NaN,8.295056
4450.9473,12.59715,298.0,1.0,4450.9473,0.0,NaN,5.9262724
4420.44,18.748756,298.0,1.0,4420.44,0.0,NaN,6.6126466
4057.64,13.720431,298.0,1.0,4057.64,0.0,NaN,11.781049
4060.3787,6.3427644,298.0,1.0,4060.3787,0.0,NaN,6.6002874
3951.0913,9.265887,298.0,1.0,3951.0913,0.0,NaN,8.2299795
4476.1455,9.747762,298.0,1.0,4476.1455,0.0,NaN,0.0
4106.624,9.295838,298.0,1.0,4106.624,0.0,NaN,6.9255323
3903.1702,9.040641,298.0,1.0,3903.1702,0.0,NaN,5.1116285
3943.79,6.9385605,298.0,1.0,3943.79,0.0,NaN,9.385636
3861.9949,5.6462564,298.0,1.0,3861.9949,0.0,NaN,3.9206953
4341.317,8.22392,298.0,1.0,4341.317,0.0,NaN,9.902257
3893.1255,3.0,298.0,1.0,3893.1255,0.0,NaN,9.665215
4339.0986,9.121694,298.0,1.0,4339.0986,0.0,NaN,7.349935
4455.062,12.73424,298.0,1.0,4455.062,0.0,NaN,8.460527
3820.9536,10.25858,298.0,1.0,3820.9536,0.0,NaN,9.82896
4500.0,13.486507,298.0,1.0,4500.0,0.0,NaN,5.218649
4343.325,7.4370823,298.0,1.0,4343.325,0.0,NaN,14.338144
4034.2935,10.863902,298.0,1.0,4034.2935,0.0,NaN,10.636431
4306.3726,10.031329,298.0,1.0,4306.3726,0.0,NaN,19.573862
4391.772,10.384553,298.0,1.0,4391.772,0.0,NaN,7.8487396
4500.0,9.131661,298.0,1.0,4500.0,0.0,NaN,10.298019
4500.0,12.2419615,298.0,1.0,4500.0,0.0,NaN,6.577343
4293.3306,13.685126,298.0,1.0,4293.3306,0.0,NaN,3.9906592
4024.0754,10.222092,298.0,1.0,4024.0754,0.0,NaN,0.0
4500.0,3.5206919,298.0,1.0,4500.0,0.0,NaN,3.7563026
3923.7358,15.630675,298.0,1.0,3923.7358,0.0,NaN,8.84308
3962.9421,17.7775,298.0,1.0,3962.9421,0.0,NaN,12.677878
4063.899,13.493897,298.0,1.0,4063.899,0.0,NaN,11.94137
4424.4316,15.342102,298.0,1.0,4424.4316,0.0,NaN,9.964591
4022.5493,9.425732,298.0,1.0,4022.5493,0.0,NaN,10.068804
3762.3486,9.407038,298.0,1.0,3762.3486,0.0,NaN,8.550638
3793.2021,3.0,298.0,1.0,3793.2021,0.0,NaN,6.59216
3619.6804,5.517234,298.0,1.0,3619.6804,0.0,NaN,5.768457
3782.4238,11.879988,298.0,1.0,3782.4238,0.0,NaN,4.1391315
4500.0,13.555165,298.0,1.0,4500.0,0.0,NaN,10.354569
4178.527,11.7202015,298.0,1.0,4178.527,0.0,NaN,3.7470012
3913.258,13.260923,298.0,1.0,3913.258,0.0,NaN,15.957931
4304.2363,10.507494,298.0,1.0,4304.2363,0.0,NaN,12.02139
4024.9421,9.880143,298.0,1.0,4024.9421,0.0,NaN,8.219221
3911.2344,12.513185,298.0,1.0,3911.2344,0.0,NaN,3.2972991
3916.1401,11.468748,298.0,1.0,3916.1401,0.0,NaN,0.0
4176.5234,11.41671,298.0,1.0,4176.5234,0.0,NaN,17.334839
4235.822,7.9536114,298.0,1.0,4235.822,0.0,NaN,14.125768
3942.5203,14.190585,298.0,1.0,3942.5203,0.0,NaN,8.380402
4146.1943,7.6333637,298.0,1.0,4146.1943,0.0,NaN,2.5595784
3941.763,8.309499,298.0,1.0,3941.763,0.0,NaN,4.6420574
3979.2893,8.685516,298.0,1.0,3979.2893,0.0,NaN,4.945302
4386.39,7.2778273,298.0,1.0,4386.39,0.0,NaN,3.802222
4217.765,6.3561687,298.0,1.0,4217.765,0.0,NaN,5.9192567
4201.4214,9.338125,298.0,1.0,4201.4214,0.0,NaN,16.793808
4039.9146,10.831567,298.0,1.0,4039.9146,0.0,NaN,4.0657253
3888.7864,11.204098,298.0,1.0,3888.7864,0.0,NaN,9.696472
4388.7993,16.008562,298.0,1.0,4388.7993,0.0,NaN,0.4535854
4309.5938,10.591848,298.0,1.0,4309.5938,0.0,NaN,0.8484423
3939.8164,9.382212,298.0,1.0,3939.8164,0.0,NaN,6.3059864
3756.8096,7.380063,298.0,1.0,3756.8096,0.0,NaN,9.040916
4187.0503,4.909128,298.0,1.0,4187.0503,0.0,NaN,10.78741
4170.586,10.184315,298.0,1.0,4170.586,0.0,NaN,13.489962
4382.161,17.602594,298.0,1.0,4382.161,0.0,NaN,8.29139
4014.2268,10.181299,298.0,1.0,4014.2268,0.0,NaN,14.001939
4308.527,13.200045,298.0,1.0,4308.527,0.0,NaN,0.0
3998.719,5.9797664,298.0,1.0,3998.719,0.0,NaN,8.0370455
4170.9253,11.339607,298.0,1.0,4170.9253,0.0,NaN,8.387217
4469.238,11.028022,298.0,1.0,4469.238,0.0,NaN,8.593806
4185.69,14.095981,298.0,1.0,4185.69,0.0,NaN,13.791722
4069.1357,6.7949038,298.0,1.0,4069.1357,0.0,NaN,3.5385041
4178.894,12.285577,298.0,1.0,4178.894,0.0,NaN,8.647844
3708.406,9.677777,298.0,1.0,3708.406,0.0,NaN,7.771173
3807.6548,10.670616,298.0,1.0,3807.6548,0.0,NaN,10.717905
3960.6262,10.460424,298.0,1.0,3960.6262,0.0,NaN,10.730666
4260.3423,7.9404407,298.0,1.0,4260.3423,0.0,NaN,6.489897
3709.8813,8.048601,298.0,1.0,3709.8813,0.0,NaN,1.880303
4166.0996,10.421224,298.0,1.0,4166.0996,0.0,NaN,5.4340124
4310.7803,7.2986236,298.0,1.0,4310.7803,0.0,NaN,8.482254
4162.235,11.6026945,298.0,1.0,4162.235,0.0,NaN,4.288933
4260.1226,5.7082276,298.0,1.0,4260.1226,0.0,NaN,5.0804496
4153.988,9.268405,298.0,1.0,4153.988,0.0,NaN,1.9510448
4144.7114,5.4348917,298.0,1.0,4144.7114,0.0,NaN,5.5068197
4221.117,10.063036,298.0,1.0,4221.117,0.0,NaN,13.919777
4263.82,5.7586894,298.0,1.0,4263.82,0.0,NaN,12.90547
4356.4033,8.026752,298.0,1.0,4356.4033,0.0,NaN,15.778312
4186.3564,11.314355,298.0,1.0,4186.3564,0.0,NaN,7.3556128
3944.8796,10.0807905,298.0,1.0,3944.8796,0.0,NaN,7.779023
3707.8398,8.888025,298.0,1.0,3707.8398,0.0,NaN,4.7415285
3844.1824,11.258351,298.0,1.0,3844.1824,0.0,NaN,10.312539
4236.0854,12.189344,298.0,1.0,4236.0854,0.0,NaN,13.500441
4011.5095,13.215815,298.0,1.0,4011.5095,0.0,NaN,2.7297645
4270.722,7.453951,298.0,1.0,4270.722,0.0,NaN,0.9875804
3977.0803,15.873569,298.0,1.0,3977.0803,0.0,NaN,2.856192
4380.762,20.013386,298.0,1.0,4380.762,0.0,NaN,7.2742105
4112.1875,11.315248,298.0,1.0,4112.1875,0.0,NaN,0.0
4000.1218,12.559787,298.0,1.0,4000.1218,0.0,NaN,0.0
4192.425,9.388969,298.0,1.0,4192.425,0.0,NaN,11.172697
3850.9055,11.263012,298.0,1.0,3850.9055,0.0,NaN,15.41619
4500.0,12.066774,298.0,1.0,4500.0,0.0,NaN,3.2275379
4272.8486,12.431625,298.0,1.0,4272.8486,0.0,NaN,5.5654616
4106.0205,9.749581,298.0,1.0,4106.0205,0.0,NaN,7.9054236
4203.5347,7.0621934,298.0,1.0,4203.5347,0.0,NaN,0.0
4289.814,6.3101797,298.0,1.0,4289.814,0.0,NaN,10.113853
4134.3955,7.351789,298.0,1.0,4134.3955,0.0,NaN,0.0
3716.5613,5.0116153,298.0,1.0,3716.5613,0.0,NaN,16.148495
4204.226,5.6872616,298.0,1.0,4204.226,0.0,NaN,10.379401
4213.185,6.1777987,298.0,1.0,4213.185,0.0,NaN,9.503722
4378.243,14.892514,298.0,1.0,4378.243,0.0,NaN,9.804782
4343.8247,12.365395,298.0,1.0,4343.8247,0.0,NaN,3.469795
4197.012,7.994295,298.0,1.0,4197.012,0.0,NaN,7.500407
3776.5405,10.468782,298.0,1.0,3776.5405,0.0,NaN,4.324639
4274.7427,8.80744,298.0,1.0,4274.7427,0.0,NaN,0.0
4500.0,10.882479,298.0,1.0,4500.0,0.0,NaN,3.046745
4143.602,9.861657,298.0,1.0,4143.602,0.0,NaN,4.4516177
4179.6484,7.6904707,298.0,1.0,4179.6484,0.0,NaN,10.937884
4216.636,15.739934,298.0,1.0,4216.636,0.0,NaN,6.3097296
4156.624,15.794505,298.0,1.0,4156.624,0.0,NaN,11.457634
4500.0,8.172637,298.0,1.0,4500.0,0.0,NaN,10.045874
4394.909,10.362739,298.0,1.0,4394.909,0.0,NaN,5.7845025
4251.48,8.027789,298.0,1.0,4251.48,0.0,NaN,6.8572283
4214.5366,10.245491,298.0,1.0,4214.5366,0.0,NaN,12.079209
3955.625,6.029629,298.0,1.0,3955.625,0.0,NaN,6.6569476
4102.9785,14.329444,298.0,1.0,4102.9785,0.0,NaN,11.403951
4457.318,12.944949,298.0,1.0,4457.318,0.0,NaN,7.5326977
4500.0,14.698825,298.0,1.0,4500.0,0.0,NaN,2.7239501
4364.8286,16.363192,298.0,1.0,4364.8286,0.0,NaN,11.497709
4449.6445,12.414808,298.0,1.0,4449.6445,0.0,NaN,6.3105316
4172.987,10.587322,298.0,1.0,4172.987,0.0,NaN,10.879484
4057.1953,10.245242,298.0,1.0,4057.1953,0.0,NaN,8.466294
4195.384,7.220694,298.0,1.0,4195.384,0.0,NaN,4.740062
4178.8677,5.987414,298.0,1.0,4178.8677,0.0,NaN,0.0
4143.697,9.175921,298.0,1.0,4143.697,0.0,NaN,17.236078
4224.637,12.268846,298.0,1.0,4224.637,0.0,NaN,0.5970031
4063.6848,8.36645,298.0,1.0,4063.6848,0.0,NaN,11.870331
3974.5835,14.350232,298.0,1.0,3974.5835,0.0,NaN,3.233984
3960.6567,14.638577,298.0,1.0,3960.6567,0.0,NaN,7.407966
4000.6304,13.272521,298.0,1.0,4000.6304,0.0,NaN,11.059636
4181.6216,7.6063075,298.0,1.0,4181.6216,0.0,NaN,10.677406
4183.774,4.2088456,298.0,1.0,4183.774,0.0,NaN,7.407722
4091.641,7.567704,298.0,1.0,4091.641,0.0,NaN,8.021843
4045.372,8.120903,298.0,1.0,4045.372,0.0,NaN,2.861607
4088.85,7.5553,298.0,1.0,4088.85,0.0,NaN,5.780882
3875.9758,9.308546,298.0,1.0,3875.9758,0.0,NaN,0.0
4500.0,5.9597607,298.0,1.0,4500.0,0.0,NaN,8.518651
4273.456,10.123993,298.0,1.0,4273.456,0.0,NaN,12.0322075
4267.002,8.694605,298.0,1.0,4267.002,0.0,NaN,8.720454
4151.1753,8.983644,298.0,1.0,4151.1753,0.0,NaN,13.259688
4301.9404,7.0789843,298.0,1.0,4301.9404,0.0,NaN,6.280911
3992.4998,8.868826,298.0,1.0,3992.4998,0.0,NaN,7.2502017
4392.1313,16.216,298.0,1.0,4392.1313,0.0,NaN,3.3024848
4071.9553,12.896991,298.0,1.0,4071.9553,0.0,NaN,11.705864
4000.3074,12.311322,298.0,1.0,4000.3074,0.0,NaN,0.0
3964.2969,11.125341,298.0,1.0,3964.2969,0.0,NaN,0.0
4085.8528,13.531867,298.0,1.0,4085.8528,0.0,NaN,3.52422
4038.3882,7.971079,298.0,1.0,4038.3882,0.0,NaN,1.0498852
4014.3328,10.345786,298.0,1.0,4014.3328,0.0,NaN,6.819007
4500.0,11.857089,298.0,1.0,4500.0,0.0,NaN,0.0
4244.99,12.139336,298.0,1.0,4244.99,0.0,NaN,12.713564
4500.0,3.0,298.0,1.0,4500.0,0.0,NaN,0.56563616
3868.5347,10.738652,298.0,1.0,3868.5347,0.0,NaN,0.2311647
4169.8164,11.6129055,298.0,1.0,4169.8164,0.0,NaN,6.8725557
3947.1038,11.688168,298.0,1.0,3947.1038,0.0,NaN,8.147761
4500.0,6.1271567,298.0,1.0,4500.0,0.0,NaN,15.347916
4146.865,9.3571005,298.0,1.0,4146.865,0.0,NaN,14.505908
4329.377,15.696131,298.0,1.0,4329.377,0.0,NaN,7.633534
4059.7314,7.111667,298.0,1.0,4059.7314,0.0,NaN,3.4967809
4228.648,12.660916,298.0,1.0,4228.648,0.0,NaN,4.379198
4458.2905,12.036185,298.0,1.0,4458.2905,0.0,NaN,4.121828
4148.115,8.012679,298.0,1.0,4148.115,0.0,NaN,2.9842048
4325.0215,13.0769825,298.0,1.0,4325.0215,0.0,NaN,0.0
4480.9087,17.09785,298.0,1.0,4480.9087,0.0,NaN,3.5945802
4394.483,8.8870325,298.0,1.0,4394.483,0.0,NaN,8.924359
3985.6628,8.612922,298.0,1.0,3985.6628,0.0,NaN,7.9019604
3898.3794,4.9334483,298.0,1.0,3898.3794,0.0,NaN,0.0
4240.6196,10.121045,298.0,1.0,4240.6196,0.0,NaN,7.449478
4006.5771,10.403778,298.0,1.0,4006.5771,0.0,NaN,9.017759
4119.091,8.699572,298.0,1.0,4119.091,0.0,NaN,8.967164
4162.8545,7.772977,298.0,1.0,4162.8545,0.0,NaN,8.396417
4303.4043,3.0,298.0,1.0,4303.4043,0.0,NaN,10.615343
4088.3193,7.04243,298.0,1.0,4088.3193,0.0,NaN,7.821006
4262.0283,10.791858,298.0,1.0,4262.0283,0.0,NaN,12.387747
3940.1782,7.0898285,298.0,1.0,3940.1782,0.0,NaN,1.3462842
4307.597,12.474372,298.0,1.0,4307.597,0.0,NaN,9.425971
4433.7236,5.3166137,298.0,1.0,4433.7236,0.0,NaN,6.8054705
4209.611,11.184469,298.0,1.0,4209.611,0.0,NaN,17.583185
4097.033,15.438406,298.0,1.0,4097.033,0.0,NaN,5.5303187
3828.3232,11.845623,298.0,1.0,3828.3232,0.0,NaN,5.632663
3767.6875,6.669771,298.0,1.0,3767.6875,0.0,NaN,7.5540037
4308.471,9.854021,298.0,1.0,4308.471,0.0,NaN,8.099911
4191.0303,13.021333,298.0,1.0,4191.0303,0.0,NaN,25.147053
4063.1943,11.784952,298.0,1.0,4063.1943,0.0,NaN,16.34212
4086.7249,12.250861,298.0,1.0,4086.7249,0.0,NaN,9.332782
4296.4736,12.049006,298.0,1.0,4296.4736,0.0,NaN,4.5090795
4065.5933,11.170568,298.0,1.0,4065.5933,0.0,NaN,4.961252
3877.2085,9.537274,298.0,1.0,3877.2085,0.0,NaN,5.0328913
4263.363,9.014184,298.0,1.0,4263.363,0.0,NaN,0.0
4379.0806,6.247757,298.0,1.0,4379.0806,0.0,NaN,0.0
4235.947,4.9973025,298.0,1.0,4235.947,0.0,NaN,4.103294
4111.8955,8.8174715,298.0,1.0,4111.8955,0.0,NaN,6.3978434
4156.4688,11.824223,298.0,1.0,4156.4688,0.0,NaN,5.8144064
4500.0,11.973703,298.0,1.0,4500.0,0.0,NaN,16.426786
4398.6743,12.072265,298.0,1.0,4398.6743,0.0,NaN,10.436076
4206.587,15.349777,298.0,1.0,4206.587,0.0,NaN,8.654409
4243.4404,18.541517,298.0,1.0,4243.4404,0.0,NaN,1.2046963
4059.1914,14.271256,298.0,1.0,4059.1914,0.0,NaN,5.2011967
3922.394,15.356425,298.0,1.0,3922.394,0.0,NaN,7.6217384
4198.1743,12.402882,298.0,1.0,4198.1743,0.0,NaN,12.506238
4205.714,14.39942,298.0,1.0,4205.714,0.0,NaN,12.538171
4086.5237,10.107711,298.0,1.0,4086.5237,0.0,NaN,10.013047
4043.2783,8.774971,298.0,1.0,4043.2783,0.0,NaN,18.842241
3914.289,13.478888,298.0,1.0,3914.289,0.0,NaN,8.892873
4095.7632,12.816052,298.0,1.0,4095.7632,0.0,NaN,8.958915
3987.2769,10.389182,298.0,1.0,3987.2769,0.0,NaN,15.877673
4237.351,13.19846,298.0,1.0,4237.351,0.0,NaN,8.717153
4094.5835,11.1767025,298.0,1.0,4094.5835,0.0,NaN,1.6056687
3902.5774,6.4744167,298.0,1.0,3902.5774,0.0,NaN,9.089056
4292.3213,9.728645,298.0,1.0,4292.3213,0.0,NaN,10.445952
4119.732,5.731446,298.0,1.0,4119.732,0.0,NaN,9.377143
3805.8682,9.269128,298.0,1.0,3805.8682,0.0,NaN,10.213653
4500.0,8.245277,298.0,1.0,4500.0,0.0,NaN,4.94363
4308.878,3.6292856,298.0,1.0,4308.878,0.0,NaN,11.412266
3969.6475,5.013746,298.0,1.0,3969.6475,0.0,NaN,2.9098332
4142.6206,5.905417,298.0,1.0,4142.6206,0.0,NaN,0.0
3954.4248,7.580883,298.0,1.0,3954.4248,0.0,NaN,5.7010503
3885.952,11.029707,298.0,1.0,3885.952,0.0,NaN,9.513703
4261.2075,17.00328,298.0,1.0,4261.2075,0.0,NaN,8.734873
4086.0286,13.799185,298.0,1.0,4086.0286,0.0,NaN,4.60594
4203.618,12.957604,298.0,1.0,4203.618,0.0,NaN,5.1746635
4276.9146,6.6307387,298.0,1.0,4276.9146,0.0,NaN,7.5960426
4269.722,10.866031,298.0,1.0,4269.722,0.0,NaN,10.992551
4239.396,10.845536,298.0,1.0,4239.396,0.0,NaN,18.542225
4214.192,9.907948,298.0,1.0,4214.192,0.0,NaN,10.374305
4500.0,4.3782644,298.0,1.0,4500.0,0.0,NaN,2.9983253
3820.7036,9.560079,298.0,1.0,3820.7036,0.0,NaN,5.0435157
4271.9766,12.6291065,298.0,1.0,4271.9766,0.0,NaN,2.8965056
4280.5654,12.695772,298.0,1.0,4280.5654,0.0,NaN,0.0
4352.738,11.853555,298.0,1.0,4352.738,0.0,NaN,0.0
4500.0,6.9539557,298.0,1.0,4500.0,0.0,NaN,3.369701
4380.1694,4.762816,298.0,1.0,4380.1694,0.0,NaN,9.732636
4273.623,3.0,298.0,1.0,4273.623,0.0,NaN,8.605677
4486.6616,8.531315,298.0,1.0,4486.6616,0.0,NaN,9.618107
3967.5012,17.798592,298.0,1.0,3967.5012,0.0,NaN,7.698518
4130.5933,14.155455,298.0,1.0,4130.5933,0.0,NaN,9.798468
4000.6753,17.686968,298.0,1.0,4000.6753,0.0,NaN,22.095404
3888.2332,12.770564,298.0,1.0,3888.2332,0.0,NaN,12.533665
4033.581,16.957384,298.0,1.0,4033.581,0.0,NaN,5.716154
3963.5706,7.6724,298.0,1.0,3963.5706,0.0,NaN,3.1199484
4401.0874,10.472187,298.0,1.0,4401.0874,0.0,NaN,5.1995935
4278.3354,9.64194,298.0,1.0,4278.3354,0.0,NaN,12.856829
4083.437,14.030481,298.0,1.0,4083.437,0.0,NaN,19.101507
4230.4604,11.587185,298.0,1.0,4230.4604,0.0,NaN,14.6306305
3874.5513,4.883356,298.0,1.0,3874.5513,0.0,NaN,4.5716944
4006.3306,7.976376,298.0,1.0,4006.3306,0.0,NaN,7.793638
4480.959,4.7547927,298.0,1.0,4480.959,0.0,NaN,7.6597304
4117.002,11.359449,298.0,1.0,4117.002,0.0,NaN,15.912763
4500.0,9.789392,298.0,1.0,4500.0,0.0,NaN,5.9140415
4413.914,8.107421,298.0,1.0,4413.914,0.0,NaN,5.3717794
4051.242,11.0982275,298.0,1.0,4051.242,0.0,NaN,0.0
4187.7524,11.790573,298.0,1.0,4187.7524,0.0,NaN,11.521729
4335.6216,9.853708,298.0,1.0,4335.6216,0.0,NaN,10.964605
4356.1777,10.629561,298.0,1.0,4356.1777,0.0,NaN,6.798062
4354.583,11.063554,298.0,1.0,4354.583,0.0,NaN,10.961697
4248.277,15.534725,298.0,1.0,4248.277,0.0,NaN,9.786635
4083.725,6.636807,298.0,1.0,4083.725,0.0,NaN,1.531741
4045.5964,5.0946684,298.0,1.0,4045.5964,0.0,NaN,2.265942
4339.6016,8.129965,298.0,1.0,4339.6016,0.0,NaN,9.798354
4082.869,10.816955,298.0,1.0,4082.869,0.0,NaN,6.268647
3984.4316,7.7975526,298.0,1.0,3984.4316,0.0,NaN,13.851508
4110.955,9.331732,298.0,1.0,4110.955,0.0,NaN,9.433612
3991.5986,11.012263,298.0,1.0,3991.5986,0.0,NaN,8.559489
4083.8733,7.316129,298.0,1.0,4083.8733,0.0,NaN,8.151725
3912.1248,4.323222,298.0,1.0,3912.1248,0.0,NaN,9.659264
4046.6938,12.323641,298.0,1.0,4046.6938,0.0,NaN,16.600624
4415.7715,7.050774,298.0,1.0,4415.7715,0.0,NaN,1.1038214
4302.052,11.475516,298.0,1.0,4302.052,0.0,NaN,11.595419
4129.3706,10.368026,298.0,1.0,4129.3706,0.0,NaN,13.728815
3824.245,16.490768,298.0,1.0,3824.245,0.0,NaN,10.238298
4047.3389,15.857872,298.0,1.0,4047.3389,0.0,NaN,21.672567
4130.328,13.369178,298.0,1.0,4130.328,0.0,NaN,31.13307
4333.642,16.492592,298.0,1.0,4333.642,0.0,NaN,17.728025
4452.4175,11.752442,298.0,1.0,4452.4175,0.0,NaN,13.737785
4122.162,11.559837,298.0,1.0,4122.162,0.0,NaN,10.600079
4122.68,11.375946,298.0,1.0,4122.68,0.0,NaN,4.882187
4044.412,11.600024,298.0,1.0,4044.412,0.0,NaN,4.242653
4295.3623,15.155667,298.0,1.0,4295.3623,0.0,NaN,6.0788245
4500.0,11.357365,298.0,1.0,4500.0,0.0,NaN,7.9760165
4500.0,10.290324,298.0,1.0,4500.0,0.0,NaN,6.3533874
4427.0527,9.843197,298.0,1.0,4427.0527,0.0,NaN,21.071737
4242.0737,10.581088,298.0,1.0,4242.0737,0.0,NaN,16.317135
4180.519,13.220528,298.0,1.0,4180.519,0.0,NaN,6.277418
4411.2983,11.200176,298.0,1.0,4411.2983,0.0,NaN,14.611501
4500.0,10.6115465,298.0,1.0,4500.0,0.0,NaN,11.405513
3879.0752,13.244181,298.0,1.0,3879.0752,0.0,NaN,7.8072968
3726.3074,9.319402,298.0,1.0,3726.3074,0.0,NaN,7.3237567
3821.6995,10.454608,298.0,1.0,3821.6995,0.0,NaN,10.609487
4175.4565,5.946682,298.0,1.0,4175.4565,0.0,NaN,13.914347
4305.263,10.796941,298.0,1.0,4305.263,0.0,NaN,1.3544828
4227.371,11.221613,298.0,1.0,4227.371,0.0,NaN,7.3536577
4256.0713,10.454869,298.0,1.0,4256.0713,0.0,NaN,12.028888
4093.0479,18.27032,298.0,1.0,4093.0479,0.0,NaN,8.048498
3998.608,13.776985,298.0,1.0,3998.608,0.0,NaN,1.3731152
4144.9375,6.303678,298.0,1.0,4144.9375,0.0,NaN,3.122896
4293.8354,5.2976007,298.0,1.0,4293.8354,0.0,NaN,0.0
4059.2388,3.7075703,298.0,1.0,4059.2388,0.0,NaN,11.462009
4058.9558,8.690154,298.0,1.0,4058.9558,0.0,NaN,0.5601615
4306.485,4.5931234,298.0,1.0,4306.485,0.0,NaN,0.0
4301.235,13.475655,298.0,1.0,4301.235,0.0,NaN,10.309586
4500.0,13.433753,298.0,1.0,4500.0,0.0,NaN,5.6441903
4100.9043,9.623424,298.0,1.0,4100.9043,0.0,NaN,4.225245
3906.8643,12.513743,298.0,1.0,3906.8643,0.0,NaN,6.268236
4465.4946,11.315419,298.0,1.0,4465.4946,0.0,NaN,2.6348174
4055.6404,14.127799,298.0,1.0,4055.6404,0.0,NaN,7.0736885
3798.169,6.523497,298.0,1.0,3798.169,0.0,NaN,2.8673947
4209.8877,10.087099,298.0,1.0,4209.8877,0.0,NaN,10.906643
4500.0,7.909838,298.0,1.0,4500.0,0.0,NaN,9.721801
4112.865,10.1678095,298.0,1.0,4112.865,0.0,NaN,6.146455
4298.2437,7.332934,298.0,1.0,4298.2437,0.0,NaN,1.054877
4098.4053,13.225028,298.0,1.0,4098.4053,0.0,NaN,8.497527
3726.813,10.916324,298.0,1.0,3726.813,0.0,NaN,8.153751
3849.9595,11.833273,298.0,1.0,3849.9595,0.0,NaN,9.068751
4041.7598,3.0379145,298.0,1.0,4041.7598,0.0,NaN,6.072527
4197.2275,7.4537034,298.0,1.0,4197.2275,0.0,NaN,9.959873
4133.121,7.651025,298.0,1.0,4133.121,0.0,NaN,0.0
4285.626,3.7854598,298.0,1.0,4285.626,0.0,NaN,0.0
4088.0645,6.053165,298.0,1.0,4088.0645,0.0,NaN,4.8924713
4268.439,10.934308,298.0,1.0,4268.439,0.0,NaN,6.780055
4134.6255,11.666834,298.0,1.0,4134.6255,0.0,NaN,14.252835
4198.017,11.639608,298.0,1.0,4198.017,0.0,NaN,13.507009
4408.721,11.0766945,298.0,1.0,4408.721,0.0,NaN,10.466972
4363.104,14.931717,298.0,1.0,4363.104,0.0,NaN,11.901543
4500.0,14.481694,298.0,1.0,4500.0,0.0,NaN,14.105079
4472.9497,7.8690066,298.0,1.0,4472.9497,0.0,NaN,8.889639
4092.9084,10.61572,298.0,1.0,4092.9084,0.0,NaN,12.281847
4365.972,9.136262,298.0,1.0,4365.972,0.0,NaN,7.397085
4013.1182,17.13626,298.0,1.0,4013.1182,0.0,NaN,2.8187008
4204.8286,10.262084,298.0,1.0,4204.8286,0.0,NaN,0.0
4175.847,8.366293,298.0,1.0,4175.847,0.0,NaN,0.81309676
4135.468,5.914043,298.0,1.0,4135.468,0.0,NaN,2.241546
4242.0586,3.0,298.0,1.0,4242.0586,0.0,NaN,4.650989
3578.0374,7.6953907,298.0,1.0,3578.0374,0.0,NaN,8.019125
3912.3474,11.067366,298.0,1.0,3912.3474,0.0,NaN,8.974134
4156.9443,15.179988,298.0,1.0,4156.9443,0.0,NaN,7.412574
4286.8706,9.160882,298.0,1.0,4286.8706,0.0,NaN,15.074724
3940.0825,10.368537,298.0,1.0,3940.0825,0.0,NaN,18.6313
4069.3303,16.956179,298.0,1.0,4069.3303,0.0,NaN,11.5296955
4366.4854,11.137109,298.0,1.0,4366.4854,0.0,NaN,8.20686
4072.4111,14.910575,298.0,1.0,4072.4111,0.0,NaN,0.0
3776.0007,14.314797,298.0,1.0,3776.0007,0.0,NaN,0.0
3690.0615,7.1514564,298.0,1.0,3690.0615,0.0,NaN,4.675454
3829.6213,9.131006,298.0,1.0,3829.6213,0.0,NaN,2.927652
4281.2954,7.2920403,298.0,1.0,4281.2954,0.0,NaN,14.774505
4500.0,7.9159923,298.0,1.0,4500.0,0.0,NaN,10.533556
4470.671,7.6557055,298.0,1.0,4470.671,0.0,NaN,8.006555
4111.9785,9.900066,298.0,1.0,4111.9785,0.0,NaN,14.946133
4228.407,5.999784,298.0,1.0,4228.407,0.0,NaN,2.2764473
4124.3833,12.517887,298.0,1.0,4124.3833,0.0,NaN,11.573559
4287.6895,10.322402,298.0,1.0,4287.6895,0.0,NaN,11.169463
4278.8145,10.358955,298.0,1.0,4278.8145,0.0,NaN,11.544171
3945.8435,11.915671,298.0,1.0,3945.8435,0.0,NaN,7.245815
3983.209,8.519991,298.0,1.0,3983.209,0.0,NaN,21.447447
3555.6826,9.782733,298.0,1.0,3555.6826,0.0,NaN,20.378334
3964.1233,7.403629,298.0,1.0,3964.1233,0.0,NaN,17.07611
4166.752,18.030289,298.0,1.0,4166.752,0.0,NaN,4.139614
4180.088,6.754302,298.0,1.0,4180.088,0.0,NaN,8.023953
4131.6055,11.435391,298.0,1.0,4131.6055,0.0,NaN,9.819478
4216.2896,12.111902,298.0,1.0,4216.2896,0.0,NaN,0.0
4078.2688,6.1490974,298.0,1.0,4078.2688,0.0,NaN,9.112204
4180.044,12.831322,298.0,1.0,4180.044,0.0,NaN,6.1394186
4245.3003,16.466095,298.0,1.0,4245.3003,0.0,NaN,7.314226
4019.8413,9.891135,298.0,1.0,4019.8413,0.0,NaN,3.4918518
4208.2466,6.1134014,298.0,1.0,4208.2466,0.0,NaN,0.0
4500.0,9.427784,298.0,1.0,4500.0,0.0,NaN,11.359376
4084.9119,14.837211,298.0,1.0,4084.9119,0.0,NaN,7.4967027
4304.125,8.365689,298.0,1.0,4304.125,0.0,NaN,3.2610536
4350.055,6.218167,298.0,1.0,4350.055,0.0,NaN,17.795769
4209.4375,7.8254313,298.0,1.0,4209.4375,0.0,NaN,13.466424
4500.0,7.5898023,298.0,1.0,4500.0,0.0,NaN,14.064336
4258.3164,21.660666,298.0,1.0,4258.3164,0.0,NaN,1.8615186
3730.2434,20.084301,298.0,1.0,3730.2434,0.0,NaN,1.76889
3533.0898,9.75134,298.0,1.0,3533.0898,0.0,NaN,15.220928
4110.6636,7.385117,298.0,1.0,4110.6636,0.0,NaN,17.538395
4283.629,4.499759,298.0,1.0,4283.629,0.0,NaN,9.719369
4152.701,12.372874,298.0,1.0,4152.701,0.0,NaN,10.199934
4500.0,13.891708,298.0,1.0,4500.0,0.0,NaN,18.731632
4500.0,11.100059,298.0,1.0,4500.0,0.0,NaN,11.522245
3881.6252,13.032726,298.0,1.0,3881.6252,0.0,NaN,14.867104
3885.3635,13.865233,298.0,1.0,3885.3635,0.0,NaN,11.398917
4217.7236,14.771641,298.0,1.0,4217.7236,0.0,NaN,7.8324676
4081.0989,10.796042,298.0,1.0,4081.0989,0.0,NaN,22.938368
4361.5625,11.35873,298.0,1.0,4361.5625,0.0,NaN,13.421568
4109.173,16.10548,298.0,1.0,4109.173,0.0,NaN,0.0
4046.1636,14.136255,298.0,1.0,4046.1636,0.0,NaN,2.5969505
4453.86,10.56734,298.0,1.0,4453.86,0.0,NaN,5.256164
4478.5815,9.102081,298.0,1.0,4478.5815,0.0,NaN,8.041016
4406.06,9.697572,298.0,1.0,4406.06,0.0,NaN,10.621038
4389.2544,10.854812,298.0,1.0,4389.2544,0.0,NaN,18.617912
4200.3,9.323374,298.0,1.0,4200.3,0.0,NaN,19.792095
4391.329,15.4376545,298.0,1.0,4391.329,0.0,NaN,4.0383487
4117.334,12.374416,298.0,1.0,4117.334,0.0,NaN,14.748203
4212.775,12.000226,298.0,1.0,4212.775,0.0,NaN,10.199088
4178.2373,9.230429,298.0,1.0,4178.2373,0.0,NaN,2.2905707
4005.649,11.246319,298.0,1.0,4005.649,0.0,NaN,0.0
4228.9863,11.990356,298.0,1.0,4228.9863,0.0,NaN,7.531318
4500.0,16.894405,298.0,1.0,4500.0,0.0,NaN,14.576584
3821.1985,16.286537,298.0,1.0,3821.1985,0.0,NaN,8.465478
4117.8438,16.400764,298.0,1.0,4117.8438,0.0,NaN,10.642865
4205.121,13.452568,298.0,1.0,4205.121,0.0,NaN,8.704424
3877.0498,15.979532,298.0,1.0,3877.0498,0.0,NaN,2.7844846
4174.4966,9.7661705,298.0,1.0,4174.4966,0.0,NaN,6.3655615
4305.332,7.1924877,298.0,1.0,4305.332,0.0,NaN,5.2567186
4462.9263,8.8920145,298.0,1.0,4462.9263,0.0,NaN,9.66081
4260.075,3.756449,298.0,1.0,4260.075,0.0,NaN,4.9888463
3943.8518,8.621053,298.0,1.0,3943.8518,0.0,NaN,3.1609178
4196.5186,6.049595,298.0,1.0,4196.5186,0.0,NaN,7.120359
4090.2434,10.121121,298.0,1.0,4090.2434,0.0,NaN,17.108704
4103.4966,11.263154,298.0,1.0,4103.4966,0.0,NaN,2.4797976
4144.169,4.4724956,298.0,1.0,4144.169,0.0,NaN,0.0
4475.594,3.0,298.0,1.0,4475.594,0.0,NaN,5.546513
4500.0,6.6107893,298.0,1.0,4500.0,0.0,NaN,5.0460906
4152.7715,7.479797,298.0,1.0,4152.7715,0.0,NaN,11.262936
4227.846,5.380462,298.0,1.0,4227.846,0.0,NaN,4.1447015
4441.954,8.2938385,298.0,1.0,4441.954,0.0,NaN,4.690659
4208.397,12.17408,298.0,1.0,4208.397,0.0,NaN,13.185888
4108.632,13.823689,298.0,1.0,4108.632,0.0,NaN,11.586693
4176.0825,11.6166115,298.0,1.0,4176.0825,0.0,NaN,7.975486
3920.541,10.158473,298.0,1.0,3920.541,0.0,NaN,0.0
4112.614,7.087632,298.0,1.0,4112.614,0.0,NaN,0.0
4110.314,8.327088,298.0,1.0,4110.314,0.0,NaN,0.0
4287.824,15.078496,298.0,1.0,4287.824,0.0,NaN,5.091667
4257.9014,9.674677,298.0,1.0,4257.9014,0.0,NaN,6.5443935
3955.67,8.219967,298.0,1.0,3955.67,0.0,NaN,5.74173
3493.8074,9.389718,298.0,1.0,3493.8074,0.0,NaN,4.550412
4244.1147,16.814966,298.0,1.0,4244.1147,0.0,NaN,9.575242
4037.3909,15.145663,298.0,1.0,4037.3909,0.0,NaN,9.040922
4084.4404,13.243392,298.0,1.0,4084.4404,0.0,NaN,9.151136
4142.0957,13.367682,298.0,1.0,4142.0957,0.0,NaN,7.2382984
4236.9697,3.0,298.0,1.0,4236.9697,0.0,NaN,5.6810737
4499.0205,6.545537,298.0,1.0,4499.0205,0.0,NaN,0.31861365
4210.54,3.057828,298.0,1.0,4210.54,0.0,NaN,0.0
4397.1494,10.8295765,298.0,1.0,4397.1494,0.0,NaN,0.0
3883.465,8.191523,298.0,1.0,3883.465,0.0,NaN,3.441575
4000.0315,10.74582,298.0,1.0,4000.0315,0.0,NaN,9.813627
4289.0625,11.982799,298.0,1.0,4289.0625,0.0,NaN,9.495023
3939.458,11.563787,298.0,1.0,3939.458,0.0,NaN,11.274326
4147.9277,8.949255,298.0,1.0,4147.9277,0.0,NaN,13.532612
4500.0,6.999853,298.0,1.0,4500.0,0.0,NaN,1.1971921
4293.6646,7.7462683,298.0,1.0,4293.6646,0.0,NaN,5.4180264
4023.574,6.1557384,298.0,1.0,4023.574,0.0,NaN,6.900737
4027.137,5.9181943,298.0,1.0,4027.137,0.0,NaN,11.616582
3801.2285,5.709396,298.0,1.0,3801.2285,0.0,NaN,7.944745
3896.3687,8.046287,298.0,1.0,3896.3687,0.0,NaN,1.5243411
3846.575,9.932827,298.0,1.0,3846.575,0.0,NaN,14.21966
4107.884,8.491555,298.0,1.0,4107.884,0.0,NaN,10.77351
